policy_training_condition,policy_training_seed,evaluation_seed,damage_leg,damage_alpha,episode_return,episode_length,terminated_before_time_limit,forward_distance,lateral_distance,horizontal_distance,mean_forward_speed,mean_horizontal_speed,mean_abs_raw_command_actuator_0,mean_abs_raw_command_actuator_1,mean_abs_raw_command_actuator_2,mean_abs_raw_command_actuator_3,mean_abs_raw_command_actuator_4,mean_abs_raw_command_actuator_5,mean_abs_raw_command_actuator_6,mean_abs_raw_command_actuator_7,mean_abs_applied_command_actuator_0,mean_abs_applied_command_actuator_1,mean_abs_applied_command_actuator_2,mean_abs_applied_command_actuator_3,mean_abs_applied_command_actuator_4,mean_abs_applied_command_actuator_5,mean_abs_applied_command_actuator_6,mean_abs_applied_command_actuator_7
robust,6,500,healthy,1.0,4213.4962531573465,1000,False,98.67045959727965,0.5909525843982201,98.67222923444773,1.973409191945593,1.9734445846889546,0.23774910360388457,0.38744685114827004,0.40768868431821464,0.36757096107304094,0.23299561996012927,0.3815055152103305,0.4663959103152156,0.45284159180149436,0.23774910360388457,0.38744685114827004,0.40768868431821464,0.36757096107304094,0.23299561996012927,0.3815055152103305,0.4663959103152156,0.45284159180149436
robust,6,501,healthy,1.0,3887.4340787839774,1000,False,76.7969916420356,-1.6594448438060292,76.81491835871805,1.535939832840712,1.5362983671743609,0.23445600057393312,0.38249244456272574,0.3633342550266534,0.3434147489592433,0.21700095558539034,0.33011326131224633,0.40029538138024506,0.36950262033753095,0.23445600057393312,0.38249244456272574,0.3633342550266534,0.3434147489592433,0.21700095558539034,0.33011326131224633,0.40029538138024506,0.36950262033753095
robust,6,502,healthy,1.0,3770.302119785767,1000,False,68.78775431070065,1.83434738455111,68.81220802616731,1.3757550862140129,1.3762441605233462,0.21557983434386552,0.3345482913358137,0.3529047845713794,0.3247500377036631,0.22342733420059085,0.2859288802035153,0.3801875607278198,0.36322188065759836,0.21557983434386552,0.3345482913358137,0.3529047845713794,0.3247500377036631,0.22342733420059085,0.2859288802035153,0.3801875607278198,0.36322188065759836
robust,6,503,healthy,1.0,4237.635661090023,1000,False,99.14085285002193,7.9710265599237555,99.4607760287879,1.9828170570004386,1.989215520575758,0.23370783599466086,0.40151045882888137,0.4154376492407173,0.35885019171983,0.23811444364860654,0.3881231234297156,0.44800963248312475,0.42634261850267646,0.23370783599466086,0.40151045882888137,0.4154376492407173,0.35885019171983,0.23811444364860654,0.3881231234297156,0.44800963248312475,0.42634261850267646
robust,6,504,healthy,1.0,3388.1178033873884,1000,False,43.21620276932921,2.2421096094137964,43.27432538238352,0.8643240553865842,0.8654865076476704,0.21471452796272933,0.3198949944814667,0.28243940888810903,0.2963717663474381,0.1883006609044969,0.25395161941275,0.3200114754512906,0.27326846854574977,0.21471452796272933,0.3198949944814667,0.28243940888810903,0.2963717663474381,0.1883006609044969,0.25395161941275,0.3200114754512906,0.27326846854574977
robust,6,505,healthy,1.0,4338.012310528512,1000,False,104.28577186795577,2.8826015134784786,104.32560378728141,2.0857154373591156,2.0865120757456284,0.24459957619942724,0.38953151542972775,0.4093012329954654,0.36710995546355846,0.23048997364193202,0.3761437106691301,0.44905062871053814,0.4467954998556525,0.24459957619942724,0.38953151542972775,0.4093012329954654,0.36710995546355846,0.23048997364193202,0.3761437106691301,0.44905062871053814,0.4467954998556525
robust,6,506,healthy,1.0,2945.8437442013696,726,True,65.37909911908254,11.334432341641701,66.35432132220231,1.801077110718527,1.8279427361488239,0.24244595032965266,0.40126869637395973,0.4016073064714383,0.36350538131085636,0.2543331259404907,0.3793046950483207,0.4406753201499458,0.4249487659347451,0.24244595032965266,0.40126869637395973,0.4016073064714383,0.36350538131085636,0.2543331259404907,0.3793046950483207,0.4406753201499458,0.4249487659347451
robust,6,507,healthy,1.0,2858.0594936874127,1000,False,2.844329300942373,-2.982888200926735,4.121629676648214,0.05688658601884746,0.08243259353296428,0.09862797819450497,0.1699370604902506,0.23732697083614768,0.21273469508439302,0.1792397889867425,0.09691375454515219,0.1985462821815163,0.16285846178233623,0.09862797819450497,0.1699370604902506,0.23732697083614768,0.21273469508439302,0.1792397889867425,0.09691375454515219,0.1985462821815163,0.16285846178233623
robust,6,508,healthy,1.0,3895.6591839563885,1000,False,82.88474186351768,-2.050776385662196,82.91010865730397,1.6576948372703535,1.6582021731460792,0.2653209883086383,0.39795537365134803,0.40127294618450104,0.36905871774256227,0.26003041768446566,0.357740212906152,0.4458069181907922,0.4355135560184717,0.2653209883086383,0.39795537365134803,0.40127294618450104,0.36905871774256227,0.26003041768446566,0.357740212906152,0.4458069181907922,0.4355135560184717
robust,6,509,healthy,1.0,3283.1533695359644,1000,False,34.82554736029638,-0.5452757261639412,34.82981588469554,0.6965109472059277,0.6965963176939108,0.1676796103361994,0.28366469406243416,0.2883663179781288,0.2701827232390642,0.1935508822053671,0.21632654414325952,0.2820822973307222,0.2734495762512088,0.1676796103361994,0.28366469406243416,0.2883663179781288,0.2701827232390642,0.1935508822053671,0.21632654414325952,0.2820822973307222,0.2734495762512088
robust,6,500,front_left,0.5,3439.6383268987506,1000,False,43.346282139643506,7.52678284732307,43.994916017198335,0.8669256427928701,0.8798983203439668,0.18447723071277142,0.3786254252493382,0.3260232294341549,0.33223036853596566,0.18698523042351006,0.30358870623633266,0.3197795822024345,0.3080072549339384,0.18447723071277142,0.3786254252493382,0.16301161471707745,0.16611518426798283,0.18698523042351006,0.30358870623633266,0.3197795822024345,0.3080072549339384
robust,6,501,front_left,0.5,3863.55568720246,1000,False,73.0913718803173,23.96796300884678,76.92081574021616,1.461827437606346,1.538416314804323,0.27760779798217117,0.3723409000178799,0.4570901448316872,0.3640852259546518,0.24698867328837515,0.3842767606303096,0.4564993321970105,0.40313060519471766,0.27760779798217117,0.3723409000178799,0.2285450724158436,0.1820426129773259,0.24698867328837515,0.3842767606303096,0.4564993321970105,0.40313060519471766
robust,6,502,front_left,0.5,3802.117008701156,1000,False,70.22157486084235,17.020546625599383,72.25488622488508,1.404431497216847,1.4450977244977017,0.27230378022789953,0.37395462607499214,0.4504278096444905,0.38074288127198813,0.2423097150437534,0.38647150246798995,0.4544325301758945,0.4158245454505086,0.27230378022789953,0.37395462607499214,0.22521390482224524,0.19037144063599407,0.2423097150437534,0.38647150246798995,0.4544325301758945,0.4158245454505086
robust,6,503,front_left,0.5,3761.2572047372946,1000,False,68.68455878485668,18.90949130638952,71.23999913627775,1.3736911756971335,1.4247999827255549,0.2784875126443803,0.3786739164972678,0.4688576821265742,0.35975660075619814,0.2572793754339218,0.39929120779782534,0.44149025065265596,0.40187808593735097,0.2784875126443803,0.3786739164972678,0.2344288410632871,0.17987830037809907,0.2572793754339218,0.39929120779782534,0.44149025065265596,0.40187808593735097
robust,6,504,front_left,0.5,3853.185389235158,1000,False,73.05297349622892,28.812781846495216,78.52969714938705,1.4610594699245782,1.570593942987741,0.2847542409673333,0.37241451288107785,0.4639134079366922,0.3655891624391079,0.258370989266783,0.39062798177450897,0.44278498842194675,0.40442164524830876,0.2847542409673333,0.37241451288107785,0.2319567039683461,0.18279458121955394,0.258370989266783,0.39062798177450897,0.44278498842194675,0.40442164524830876
robust,6,505,front_left,0.5,3775.3341865306834,1000,False,69.34662333135431,17.801911477258994,71.59512706675574,1.3869324666270861,1.4319025413351147,0.26787506401725114,0.3897538390858099,0.45506086249276995,0.367542974345386,0.25469577008113264,0.40150071745365856,0.4526345568224788,0.4013730702660978,0.26787506401725114,0.3897538390858099,0.22753043124638497,0.183771487172693,0.25469577008113264,0.40150071745365856,0.4526345568224788,0.4013730702660978
robust,6,506,front_left,0.5,3930.297536542878,1000,False,76.2402884001383,24.84596999717977,80.18668094164404,1.524805768002766,1.6037336188328808,0.2772369467690587,0.379629219096154,0.4596237334664911,0.37300124076008795,0.2536328788921237,0.3837705538496375,0.4310840437207371,0.40297885350137946,0.2772369467690587,0.379629219096154,0.22981186673324555,0.18650062038004397,0.2536328788921237,0.3837705538496375,0.4310840437207371,0.40297885350137946
robust,6,507,front_left,0.5,3829.8405035719625,1000,False,72.00426829593583,17.173630655543324,74.02397073060946,1.4400853659187165,1.4804794146121893,0.264808794952929,0.38641439443267883,0.4657553461175412,0.3708158996775746,0.2556528348810971,0.40269394094496963,0.44403815595805646,0.4097438691854477,0.264808794952929,0.38641439443267883,0.2328776730587706,0.1854079498387873,0.2556528348810971,0.40269394094496963,0.44403815595805646,0.4097438691854477
robust,6,508,front_left,0.5,3780.164360330349,1000,False,69.2565805549507,26.501426873669082,74.15389117574887,1.385131611099014,1.4830778235149773,0.2811522688064724,0.37627211956679824,0.45727055917866527,0.36566359059140086,0.252754759632051,0.3956413368582726,0.44489912152849137,0.3948416595719755,0.2811522688064724,0.37627211956679824,0.22863527958933264,0.18283179529570043,0.252754759632051,0.3956413368582726,0.44489912152849137,0.3948416595719755
robust,6,509,front_left,0.5,3924.1892392438745,1000,False,76.43983827379776,21.111457703076024,79.30159217615447,1.5287967654759553,1.5860318435230893,0.2765104173142463,0.38070456218253823,0.4513445807956159,0.35996693922579287,0.25922578625008463,0.3939783480912447,0.4461809194460511,0.40234635266289115,0.2765104173142463,0.38070456218253823,0.22567229039780795,0.17998346961289644,0.25922578625008463,0.3939783480912447,0.4461809194460511,0.40234635266289115
robust,6,500,front_right,0.5,4338.00834906113,1000,False,99.68342572359612,3.0331181898071016,99.72956016119315,1.9936685144719224,1.994591203223863,0.2367844562008977,0.38899917802028355,0.40600242008641363,0.36970429081842304,0.23290129382163285,0.36374189542979,0.46678492553159595,0.4477595385480672,0.2367844562008977,0.38899917802028355,0.40600242008641363,0.36970429081842304,0.11645064691081643,0.181870947714895,0.46678492553159595,0.4477595385480672
robust,6,501,front_right,0.5,4162.171973201181,1000,False,90.6657337580087,9.881075226507733,91.20258179190995,1.813314675160174,1.824051635838199,0.25694835747033357,0.3869780164826661,0.3974200034979731,0.3798607458472252,0.23417826941236852,0.3708905709534884,0.4467438779212534,0.4368525052778423,0.25694835747033357,0.3869780164826661,0.3974200034979731,0.3798607458472252,0.11708913470618426,0.1854452854767442,0.4467438779212534,0.4368525052778423
robust,6,502,front_right,0.5,3160.057948539487,1000,False,25.659542767970102,3.0698098353017698,25.842520532761547,0.513190855359402,0.516850410655231,0.17203529416024685,0.24120022383052855,0.27189877948351204,0.28159084866568446,0.19379657211899756,0.1778111385181546,0.27749431066215036,0.2621270037665963,0.17203529416024685,0.24120022383052855,0.27189877948351204,0.28159084866568446,0.09689828605949878,0.0889055692590773,0.27749431066215036,0.2621270037665963
robust,6,503,front_right,0.5,2750.920560684458,641,True,62.96241393606631,-0.6646769756282325,62.965922244802286,1.9645058950410703,1.964615358652177,0.23611368170929214,0.3983180821087217,0.40932074428772824,0.36470568851915053,0.24521083281304273,0.37162608140716313,0.47523196783155064,0.44628072611104214,0.23611368170929214,0.3983180821087217,0.40932074428772824,0.36470568851915053,0.12260541640652137,0.18581304070358157,0.47523196783155064,0.44628072611104214
robust,6,504,front_right,0.5,3988.1110187899485,1000,False,82.7188916891629,13.35706667699037,83.79037100107047,1.654377833783258,1.6758074200214095,0.25938089350797233,0.39347195032890886,0.4154740724097937,0.3713314005434513,0.25262514850869777,0.3854196415841579,0.45605835249088705,0.4264369749706238,0.25938089350797233,0.39347195032890886,0.4154740724097937,0.3713314005434513,0.12631257425434889,0.19270982079207896,0.45605835249088705,0.4264369749706238
robust,6,505,front_right,0.5,3457.8077718804084,1000,False,45.25829529635769,12.657868460743542,46.99505215553866,0.9051659059271537,0.9399010431107732,0.2309855983890593,0.3266000804649666,0.36529577753692866,0.2584834947511554,0.2059846170991659,0.2441154074370861,0.32256844813376667,0.28181010726466776,0.2309855983890593,0.3266000804649666,0.36529577753692866,0.2584834947511554,0.10299230854958295,0.12205770371854305,0.32256844813376667,0.28181010726466776
robust,6,506,front_right,0.5,4284.468628536446,1000,False,97.71271152716183,13.226009923246641,98.60375922083378,1.9542542305432367,1.9720751844166755,0.2574610178116709,0.3724763983460143,0.4280166034959257,0.3707257264070213,0.23772802873328328,0.3718896619267762,0.46127836098894476,0.4526849170587957,0.2574610178116709,0.3724763983460143,0.4280166034959257,0.3707257264070213,0.11886401436664164,0.1859448309633881,0.46127836098894476,0.4526849170587957
robust,6,507,front_right,0.5,4208.560623172021,1000,False,93.0823146033924,13.057296933099474,93.99367156954796,1.861646292067848,1.879873431390959,0.25187888455204666,0.3969892843710259,0.41053505312651395,0.3669433467537165,0.24328590262308716,0.38044532495364547,0.4501511303260922,0.42688206938281653,0.25187888455204666,0.3969892843710259,0.41053505312651395,0.3669433467537165,0.12164295131154358,0.19022266247682273,0.4501511303260922,0.42688206938281653
robust,6,508,front_right,0.5,3975.147446281947,1000,False,77.57190140990114,6.142753595561663,77.8147371009066,1.551438028198023,1.556294742018132,0.250002868141979,0.3606396454833448,0.38034437348879874,0.3407970731034875,0.21692377153784037,0.3192801445648074,0.4091239944323897,0.3679430089704692,0.250002868141979,0.3606396454833448,0.38034437348879874,0.3407970731034875,0.10846188576892019,0.1596400722824037,0.4091239944323897,0.3679430089704692
robust,6,509,front_right,0.5,3030.3993808726623,1000,False,16.69639594334503,-0.19843082060062334,16.697575042128502,0.33392791886690065,0.33395150084257,0.16399906198307873,0.25566800983622673,0.33396970301121476,0.2050529095567763,0.1891232929714024,0.1442517436631024,0.24324037699960172,0.22970112441666424,0.16399906198307873,0.25566800983622673,0.33396970301121476,0.2050529095567763,0.0945616464857012,0.0721258718315512,0.24324037699960172,0.22970112441666424
robust,6,500,back_left,0.5,4188.155265361074,1000,False,87.7322880524253,-6.537473141282124,87.97552456215713,1.754645761048506,1.7595104912431427,0.21510544914752244,0.3353187124831602,0.4266712064817548,0.3809441434927285,0.24959411390125752,0.39476528534293176,0.5399025181606412,0.49012052205577494,0.21510544914752244,0.3353187124831602,0.4266712064817548,0.3809441434927285,0.24959411390125752,0.39476528534293176,0.2699512590803206,0.24506026102788747
robust,6,501,back_left,0.5,4063.101344206372,961,True,85.89654770020047,-12.53859795453658,86.8068738377228,1.7876492757585944,1.806594668839184,0.2165830972082099,0.3395744472524998,0.4160556147489445,0.3788894788748764,0.23906078457863347,0.3839319662135734,0.5305242036797811,0.4954606220397505,0.2165830972082099,0.3395744472524998,0.4160556147489445,0.3788894788748764,0.23906078457863347,0.3839319662135734,0.2652621018398906,0.24773031101987525
robust,6,502,back_left,0.5,4215.9485024348005,1000,False,88.86241830459646,-13.069933968791224,89.81844220921248,1.7772483660919292,1.7963688441842496,0.21592799768038093,0.3450927506098524,0.4151197050940245,0.3842200775183737,0.24533595010265707,0.37799730271846055,0.5380334639120847,0.49394794572331013,0.21592799768038093,0.3450927506098524,0.4151197050940245,0.3842200775183737,0.24533595010265707,0.37799730271846055,0.26901673195604237,0.24697397286165507
robust,6,503,back_left,0.5,4467.54432660079,1000,False,100.51949061355518,-3.9748167781518196,100.59804750405688,2.0103898122711037,2.0119609500811375,0.2244447474833578,0.32991426860075446,0.41945063844136893,0.36818538273870943,0.23722715785354376,0.3790963343456388,0.5425840607434511,0.488179350476712,0.2244447474833578,0.32991426860075446,0.41945063844136893,0.36818538273870943,0.23722715785354376,0.3790963343456388,0.27129203037172556,0.244089675238356
robust,6,504,back_left,0.5,4167.08038796589,1000,False,85.75212055020197,-9.275037497610551,86.25226083667866,1.7150424110040392,1.7250452167335733,0.22119965846650302,0.3395397012270987,0.40510344251804054,0.38573448422178624,0.2413156482875347,0.3770716245025396,0.52493280884251,0.49196788081526754,0.22119965846650302,0.3395397012270987,0.40510344251804054,0.38573448422178624,0.2413156482875347,0.3770716245025396,0.262466404421255,0.24598394040763377
robust,6,505,back_left,0.5,4246.648925349686,1000,False,90.11461577163651,-19.272233717720177,92.15238992093536,1.8022923154327302,1.8430477984187073,0.20514215661399066,0.31781496067345144,0.4285617956947535,0.38306050819158555,0.2448058935254812,0.38537025313451884,0.5704968413561583,0.5238818047195672,0.20514215661399066,0.31781496067345144,0.4285617956947535,0.38306050819158555,0.2448058935254812,0.38537025313451884,0.28524842067807915,0.2619409023597836
robust,6,506,back_left,0.5,4166.35385074794,1000,False,85.90116083036821,-5.632621347232592,86.08563094527499,1.7180232166073643,1.7217126189054996,0.21832814268954098,0.3300031139953062,0.4199141643065959,0.37850397527217866,0.24199416326358913,0.38315221582353115,0.5352181194797159,0.4908209603503346,0.21832814268954098,0.3300031139953062,0.4199141643065959,0.37850397527217866,0.24199416326358913,0.38315221582353115,0.26760905973985794,0.2454104801751673
robust,6,507,back_left,0.5,4368.465103326025,1000,False,95.83253712299292,-22.584814953763743,98.45785412005263,1.9166507424598584,1.9691570824010527,0.203954264363274,0.31505373838823286,0.421830847542733,0.37605089704319833,0.23195332887396217,0.3946918471455574,0.5535858852621168,0.5155427755583077,0.203954264363274,0.31505373838823286,0.421830847542733,0.37605089704319833,0.23195332887396217,0.3946918471455574,0.2767929426310584,0.25777138777915387
robust,6,508,back_left,0.5,4066.610064167317,1000,False,78.32531227262928,-19.711580028083183,80.76757350452233,1.5665062454525855,1.6153514700904466,0.19340663123875856,0.307519505915232,0.3803590389210731,0.36356846483796834,0.2341012456268072,0.35010691366344693,0.5160563463773579,0.47807649565301835,0.19340663123875856,0.307519505915232,0.3803590389210731,0.36356846483796834,0.2341012456268072,0.35010691366344693,0.25802817318867893,0.23903824782650918
robust,6,509,back_left,0.5,4147.351480736575,1000,False,84.58306048872684,-10.764864835575008,85.26532962797847,1.691661209774537,1.7053065925595694,0.2056569154765457,0.3300744401812553,0.39955101744644345,0.3781777234263718,0.2507591384463012,0.38618266214057806,0.5352784335035831,0.513083218306303,0.2056569154765457,0.3300744401812553,0.39955101744644345,0.3781777234263718,0.2507591384463012,0.38618266214057806,0.26763921675179153,0.2565416091531515
robust,6,500,back_right,0.5,4182.568337892277,1000,False,91.436137766873,8.876533445859783,91.86599009284147,1.82872275533746,1.8373198018568295,0.26607063094712796,0.42142068466823546,0.41810426104441284,0.37639023577794434,0.23459158228337765,0.37419230192899705,0.442308220513165,0.45624423391371965,0.13303531547356398,0.21071034233411773,0.41810426104441284,0.37639023577794434,0.23459158228337765,0.37419230192899705,0.442308220513165,0.45624423391371965
robust,6,501,back_right,0.5,4087.7490654591766,1000,False,86.14927771570653,8.403108321609855,86.55813237589314,1.7229855543141306,1.7311626475178628,0.2729247868657112,0.40859034825023266,0.3930917384875938,0.37109595162048936,0.23713707224652172,0.3693550408780575,0.46086677474156024,0.45564041581377385,0.1364623934328556,0.20429517412511633,0.3930917384875938,0.37109595162048936,0.23713707224652172,0.3693550408780575,0.46086677474156024,0.45564041581377385
robust,6,502,back_right,0.5,4163.23454763966,1000,False,90.78641757969365,9.097040752050095,91.24105308137871,1.815728351593873,1.8248210616275742,0.25946720519289374,0.40802171400282533,0.40412153471540657,0.3709383188523352,0.23933976974710822,0.3708154108300805,0.45771285306289794,0.4755685850344598,0.12973360259644687,0.20401085700141267,0.40412153471540657,0.3709383188523352,0.23933976974710822,0.3708154108300805,0.45771285306289794,0.4755685850344598
robust,6,503,back_right,0.5,3046.790895907216,1000,False,15.539421781927675,2.715213032705281,15.77485375937352,0.3107884356385535,0.3154970751874704,0.13156746812537312,0.2933261275589466,0.16742502318322658,0.3051836715489626,0.13734845528379083,0.2090817424915731,0.2379232144188136,0.24259207382798195,0.06578373406268656,0.1466630637794733,0.16742502318322658,0.3051836715489626,0.13734845528379083,0.2090817424915731,0.2379232144188136,0.24259207382798195
robust,6,504,back_right,0.5,3019.8021702046194,1000,False,13.19007922859649,0.9258812461539752,13.22253554121267,0.2638015845719298,0.2644507108242534,0.13793842024356126,0.21843805447034537,0.22139471470378339,0.24576511857658626,0.16937068828567864,0.15563033596798778,0.24752007856778802,0.2201457211896777,0.06896921012178063,0.10921902723517268,0.22139471470378339,0.24576511857658626,0.16937068828567864,0.15563033596798778,0.24752007856778802,0.2201457211896777
robust,6,505,back_right,0.5,4203.618265125331,1000,False,92.19558189089136,20.714250898583725,94.49394430591587,1.8439116378178273,1.8898788861183176,0.2876946508064866,0.4096514730639756,0.4195930480603129,0.36865056774392724,0.238758903644979,0.3698206623904407,0.44811607568338513,0.4410286388844252,0.1438473254032433,0.2048257365319878,0.4195930480603129,0.36865056774392724,0.238758903644979,0.3698206623904407,0.44811607568338513,0.4410286388844252
robust,6,506,back_right,0.5,4177.800826831385,1000,False,91.72230306562972,-0.8776497262327725,91.72650188852283,1.8344460613125944,1.8345300377704568,0.2523051081392914,0.4150884439749643,0.4041798955369741,0.37411055045947433,0.24388984140008688,0.3763849952183664,0.47046342080458997,0.45988638123683634,0.1261525540696457,0.20754422198748215,0.4041798955369741,0.37411055045947433,0.24388984140008688,0.3763849952183664,0.47046342080458997,0.45988638123683634
robust,6,507,back_right,0.5,3969.434808546518,1000,False,76.82013834184583,5.964230136077129,77.05131858687704,1.5364027668369167,1.541026371737541,0.2614649011492729,0.3753649314455688,0.3777418962493539,0.34585655057430265,0.22161714470013977,0.33686223448067903,0.41171115766093136,0.39850790616869924,0.13073245057463645,0.1876824657227844,0.3777418962493539,0.34585655057430265,0.22161714470013977,0.33686223448067903,0.41171115766093136,0.39850790616869924
robust,6,508,back_right,0.5,3249.171829299229,1000,False,28.45454911954755,-3.754298568544235,28.701151951420304,0.569090982390951,0.5740230390284061,0.15012536561489107,0.24887654258217662,0.2900919086411595,0.2571210472881794,0.20180866001173853,0.18905544448643924,0.2685492001846433,0.2508265465274453,0.07506268280744553,0.12443827129108831,0.2900919086411595,0.2571210472881794,0.20180866001173853,0.18905544448643924,0.2685492001846433,0.2508265465274453
robust,6,509,back_right,0.5,3454.9697467091755,1000,False,42.52072183087329,3.9514891548642304,42.70393484867073,0.8504144366174659,0.8540786969734145,0.19804717725515367,0.32249517034739256,0.31612363990955056,0.28220859478786586,0.1963184302598238,0.23791166988760232,0.3162007429152727,0.2880506953354925,0.09902358862757683,0.16124758517369628,0.31612363990955056,0.28220859478786586,0.1963184302598238,0.23791166988760232,0.3162007429152727,0.2880506953354925
robust,6,500,front_left,0.0,2517.787152997907,1000,False,5.383743906316491,-1.3908108902119642,5.560490390346174,0.10767487812632982,0.11120980780692348,0.21749818013235928,0.38599265909008684,0.7123607222065329,0.21006110298261046,0.26451323414593936,0.7007036028429866,0.3364811316858977,0.18037589249014854,0.21749818013235928,0.38599265909008684,0.0,0.0,0.26451323414593936,0.7007036028429866,0.3364811316858977,0.18037589249014854
robust,6,501,front_left,0.0,2584.1239674806193,1000,False,8.098158950350225,-2.0107599654274044,8.344059804657627,0.1619631790070045,0.16688119609315255,0.20992553670145572,0.40593261063937097,0.5473283899594098,0.33926543790847064,0.2573121175691485,0.5766003869622945,0.40467205392941835,0.26836618437431753,0.20992553670145572,0.40593261063937097,0.0,0.0,0.2573121175691485,0.5766003869622945,0.40467205392941835,0.26836618437431753
robust,6,502,front_left,0.0,2505.828610183484,1000,False,3.8230601262717316,1.6744485170924746,4.173675426465505,0.07646120252543463,0.0834735085293101,0.1969565073028207,0.37171954169124366,0.7623974404353648,0.23392837205901743,0.19224465671926738,0.7105126983746887,0.272563564632088,0.29024993484653533,0.1969565073028207,0.37171954169124366,0.0,0.0,0.19224465671926738,0.7105126983746887,0.272563564632088,0.29024993484653533
robust,6,503,front_left,0.0,2498.913228097714,1000,False,4.270813883631171,1.5446534657606823,4.541564219286484,0.08541627767262343,0.09083128438572968,0.21703884898126125,0.3850437546400353,0.7594826938919723,0.18817034934461116,0.259771239221096,0.7185286125466227,0.29477102598547933,0.1875729732643813,0.21703884898126125,0.3850437546400353,0.0,0.0,0.259771239221096,0.7185286125466227,0.29477102598547933,0.1875729732643813
robust,6,504,front_left,0.0,2547.596327931203,1000,False,6.347286482098004,-0.0023393447415416685,6.347286913190381,0.12694572964196008,0.12694573826380762,0.2272313725426793,0.37805565404612573,0.7403206111099571,0.19909571954235433,0.26550647338852285,0.7049681070670486,0.2950674794204533,0.18558028944768012,0.2272313725426793,0.37805565404612573,0.0,0.0,0.26550647338852285,0.7049681070670486,0.2950674794204533,0.18558028944768012
robust,6,505,front_left,0.0,2630.610153661322,1000,False,10.50724157287637,-3.399672036156632,11.043545419121836,0.2101448314575274,0.22087090838243673,0.22617814604751765,0.404770522932522,0.5683002103082836,0.30612415662035347,0.2686943185739219,0.5908787771947682,0.3953943321555853,0.23950711547769607,0.22617814604751765,0.404770522932522,0.0,0.0,0.2686943185739219,0.5908787771947682,0.3953943321555853,0.23950711547769607
robust,6,506,front_left,0.0,2607.2252841366276,1000,False,10.239857390546307,-1.0041192079488062,10.288971511404702,0.20479714781092614,0.20577943022809403,0.19801897242106498,0.4234868353586644,0.6111256169071421,0.3193829930201173,0.23894791131839155,0.6139531083256006,0.3856265808083117,0.27814084966666996,0.19801897242106498,0.4234868353586644,0.0,0.0,0.23894791131839155,0.6139531083256006,0.3856265808083117,0.27814084966666996
robust,6,507,front_left,0.0,1537.6485215120902,586,True,6.562349697813909,-3.711541508266039,7.539229000632628,0.2239709794475737,0.2573115699874617,0.21805838494857221,0.41531786790956765,0.515672372739902,0.3819828276036136,0.23605001230848122,0.5613746376066078,0.45222101275214716,0.28720591229040165,0.21805838494857221,0.41531786790956765,0.0,0.0,0.23605001230848122,0.5613746376066078,0.45222101275214716,0.28720591229040165
robust,6,508,front_left,0.0,2282.2157245457392,1000,False,2.785457244599725,0.3363563956150617,2.8056920155933454,0.0557091448919945,0.056113840311866905,0.34147533115185796,0.610522608612664,0.8635751511212438,0.19000840361788868,0.20900929365307092,0.8415284858196974,0.21062621442601084,0.21529957444407047,0.34147533115185796,0.610522608612664,0.0,0.0,0.20900929365307092,0.8415284858196974,0.21062621442601084,0.21529957444407047
robust,6,509,front_left,0.0,2629.2866151783,1000,False,9.196797922252168,-1.5236602678181153,9.322158153264155,0.18393595844504337,0.1864431630652831,0.216658139616251,0.36702291161660106,0.6126128304414451,0.2963364252746105,0.2382997093088925,0.6128464432358742,0.3469945846740156,0.27149309815652667,0.216658139616251,0.36702291161660106,0.0,0.0,0.2382997093088925,0.6128464432358742,0.3469945846740156,0.27149309815652667
robust,6,500,front_right,0.0,308.8946247054601,87,True,5.220565969598792,-0.16174856005980093,5.22307109272068,1.2001301079537452,1.2007059983265929,0.23282141688055005,0.3379381264121025,0.4075946333850252,0.37138878665436276,0.23419198479460573,0.4406399424562509,0.47628818088393104,0.4380187650435957,0.23282141688055005,0.3379381264121025,0.4075946333850252,0.37138878665436276,0.0,0.0,0.47628818088393104,0.4380187650435957
robust,6,501,front_right,0.0,3547.224396871263,1000,False,49.260450422002734,10.656326875356946,50.399893633350494,0.9852090084400547,1.0079978726670098,0.20625697533972562,0.31680870299600067,0.3294438816532493,0.30146567123010753,0.23223520059883596,0.32337642735987904,0.34927232990786433,0.295928199339658,0.20625697533972562,0.31680870299600067,0.3294438816532493,0.30146567123010753,0.0,0.0,0.34927232990786433,0.295928199339658
robust,6,502,front_right,0.0,4124.201888997885,1000,False,88.54932852688282,13.690221133377715,89.60137129108351,1.7709865705376564,1.7920274258216702,0.2958315055407584,0.3823258615899831,0.4362618531342596,0.3730236913561821,0.23751441206038,0.37794650796428325,0.44303446036204697,0.42893926849588754,0.2958315055407584,0.3823258615899831,0.4362618531342596,0.3730236913561821,0.0,0.0,0.44303446036204697,0.42893926849588754
robust,6,503,front_right,0.0,2894.9044287384613,1000,False,4.494623398208566,-2.3874203536747576,5.089343320789474,0.08989246796417133,0.10178686641578948,0.13550005836226045,0.17683314677607267,0.17141345982439815,0.216488463871181,0.21063918571174145,0.2547348128370941,0.23042580145783723,0.18368334459885954,0.13550005836226045,0.17683314677607267,0.17141345982439815,0.216488463871181,0.0,0.0,0.23042580145783723,0.18368334459885954
robust,6,504,front_right,0.0,3921.1320923882604,1000,False,77.87473301891772,9.211917350637378,78.41768591359151,1.5574946603783544,1.5683537182718303,0.2683371557351202,0.3802417053217068,0.4362206742726266,0.37190710543468597,0.24673192786052822,0.39626680126041175,0.45657480815052987,0.4200368518512696,0.2683371557351202,0.3802417053217068,0.4362206742726266,0.37190710543468597,0.0,0.0,0.45657480815052987,0.4200368518512696
robust,6,505,front_right,0.0,3828.542539741505,1000,False,72.82214337885632,25.47687532687072,77.1500858243957,1.4564428675771266,1.543001716487914,0.30312338246405124,0.38032846576254814,0.4290618670824915,0.3644832905344665,0.25304976154863834,0.3795845043361187,0.4420163360349834,0.3843144210278988,0.30312338246405124,0.38032846576254814,0.4290618670824915,0.3644832905344665,0.0,0.0,0.4420163360349834,0.3843144210278988
robust,6,506,front_right,0.0,3204.5660527395253,1000,False,24.8736715312006,1.9554677421697682,24.950418624398385,0.497473430624012,0.4990083724879677,0.15728492755815388,0.2665184964351356,0.25039401099644604,0.2467980478964746,0.2010778874978423,0.2734132845550776,0.26885778333432975,0.21471748192608356,0.15728492755815388,0.2665184964351356,0.25039401099644604,0.2467980478964746,0.0,0.0,0.26885778333432975,0.21471748192608356
robust,6,507,front_right,0.0,3359.834784151255,1000,False,37.89053108574377,16.350475147251075,41.26778869167319,0.7578106217148753,0.8253557738334638,0.23329702791385354,0.2651683018971235,0.3286902421955019,0.2604186517782509,0.2580592705383897,0.26828119211271406,0.3161463507376611,0.2667933458648622,0.23329702791385354,0.2651683018971235,0.3286902421955019,0.2604186517782509,0.0,0.0,0.3161463507376611,0.2667933458648622
robust,6,508,front_right,0.0,3198.7290285827703,1000,False,23.221646898768157,2.454779887131247,23.35103485898072,0.4644329379753631,0.4670206971796144,0.1618645657133311,0.23628786778915672,0.2888226145748049,0.18917226672917603,0.2494100003875792,0.21270224094763399,0.25525244591012597,0.18826101734675468,0.1618645657133311,0.23628786778915672,0.2888226145748049,0.18917226672917603,0.0,0.0,0.25525244591012597,0.18826101734675468
robust,6,509,front_right,0.0,3912.0488706576084,1000,False,76.6251145295765,10.012890681335929,77.27655631863458,1.5325022905915302,1.5455311263726914,0.2633714038208127,0.38995467918459326,0.4256850801948458,0.37086220071092246,0.2594479298628867,0.39111983800679445,0.44949834411405026,0.40479885441809893,0.2633714038208127,0.38995467918459326,0.4256850801948458,0.37086220071092246,0.0,0.0,0.44949834411405026,0.40479885441809893
robust,6,500,back_left,0.0,2379.6926010130155,1000,False,1.0637088675942963,-2.100565151801508,2.3545382799949617,0.021274177351885925,0.047090765599899234,0.5775992359984666,0.26056138969305903,0.5649075376093388,0.494598024122417,0.45274906877428295,0.1602881945297122,0.9248514886647463,0.739937014464289,0.5775992359984666,0.26056138969305903,0.5649075376093388,0.494598024122417,0.45274906877428295,0.1602881945297122,0.0,0.0
robust,6,501,back_left,0.0,2389.399922071765,1000,False,0.6238234496220392,-0.9509956111429445,1.1373426698719622,0.012476468992440783,0.022746853397439246,0.6315072525888682,0.24905499053467064,0.4248106316663325,0.5339240387827158,0.525105374339968,0.0872672712802887,0.9807847355157137,0.7882002757340669,0.6315072525888682,0.24905499053467064,0.4248106316663325,0.5339240387827158,0.525105374339968,0.0872672712802887,0.0,0.0
robust,6,502,back_left,0.0,2469.910528703084,1000,False,1.5650029045380989,-4.922288650945963,5.165090478824559,0.03130005809076198,0.10330180957649118,0.5126198518574238,0.2049890455408022,0.30319755092822015,0.4914312419630587,0.5394367592595518,0.09796660231053829,0.7618443094082177,0.6219987242780626,0.5126198518574238,0.2049890455408022,0.30319755092822015,0.4914312419630587,0.5394367592595518,0.09796660231053829,0.0,0.0
robust,6,503,back_left,0.0,2180.121718520737,1000,False,0.5066659403725795,-0.00885009160238958,0.5067432281293959,0.01013331880745159,0.010134864562587918,0.44666395215690136,0.35660154283884915,0.946657120168209,0.44155465238541364,0.04999659071490169,0.41848867196589706,0.9803452073708177,0.6430599499195814,0.44666395215690136,0.35660154283884915,0.946657120168209,0.44155465238541364,0.04999659071490169,0.41848867196589706,0.0,0.0
robust,6,504,back_left,0.0,2425.9090076417433,1000,False,1.047249904593907,-1.5855903170251304,1.9002181496122494,0.02094499809187814,0.03800436299224499,0.5974857628904283,0.23589250173140316,0.33519240248575805,0.5241783753186464,0.544417063973844,0.07199861910939216,0.9203541286662221,0.7386259779259563,0.5974857628904283,0.23589250173140316,0.33519240248575805,0.5241783753186464,0.544417063973844,0.07199861910939216,0.0,0.0
robust,6,505,back_left,0.0,2475.6542732134217,1000,False,1.598448062071418,-5.9395689907302565,6.150895544779176,0.03196896124142836,0.12301791089558352,0.4771487524397671,0.21803299359511585,0.3940519009474665,0.46516724045202135,0.48864506766945126,0.15261513098329305,0.71322308428213,0.580867293631658,0.4771487524397671,0.21803299359511585,0.3940519009474665,0.46516724045202135,0.48864506766945126,0.15261513098329305,0.0,0.0
robust,6,506,back_left,0.0,2501.8528845048186,1000,False,2.2819623712899864,-5.29799595954445,5.768545176327628,0.04563924742579973,0.11537090352655255,0.4469341110493988,0.2181845159083605,0.3723906740397215,0.46277789322659374,0.4935216122679412,0.14920097197964788,0.7010230101123452,0.5530426276922226,0.4469341110493988,0.2181845159083605,0.3723906740397215,0.46277789322659374,0.4935216122679412,0.14920097197964788,0.0,0.0
robust,6,507,back_left,0.0,2251.241318128913,1000,False,0.7997376251730947,-0.7507163676346255,1.0968843757443294,0.015994752503461895,0.02193768751488659,0.4689885108247399,0.3404759331019595,0.8957666155379266,0.4171597240269184,0.231294405721128,0.33731428333744407,0.9759682631529868,0.7720081138536334,0.4689885108247399,0.3404759331019595,0.8957666155379266,0.4171597240269184,0.231294405721128,0.33731428333744407,0.0,0.0
robust,6,508,back_left,0.0,2231.5262323030165,1000,False,0.840487671527408,-0.46514600571769504,0.9606145598650325,0.01680975343054816,0.01921229119730065,0.4575057972483337,0.3490402708724141,0.9308589022271335,0.41167301197350026,0.21121027049422264,0.35142314140498637,0.9869056535959244,0.7719348326399922,0.4575057972483337,0.3490402708724141,0.9308589022271335,0.41167301197350026,0.21121027049422264,0.35142314140498637,0.0,0.0
robust,6,509,back_left,0.0,2531.772894844015,1000,False,2.95060254829431,-9.69284691109366,10.131995688900524,0.0590120509658862,0.2026399137780105,0.4166653862893581,0.21240306141413748,0.3673714824207127,0.4198975932635367,0.4842474556490779,0.17817773098498582,0.5951498492769897,0.47636225951835515,0.4166653862893581,0.21240306141413748,0.3673714824207127,0.4198975932635367,0.4842474556490779,0.17817773098498582,0.0,0.0
robust,6,500,back_right,0.0,3382.5517669345886,1000,False,49.91514291459525,15.480500265691697,52.260571951142566,0.998302858291905,1.0452114390228513,0.28399700080044565,0.4692389496611431,0.4394536206834018,0.3937853029295802,0.25246774732321503,0.4150055377967656,0.40785706251300874,0.4115034155342728,0.0,0.0,0.4394536206834018,0.3937853029295802,0.25246774732321503,0.4150055377967656,0.40785706251300874,0.4115034155342728
robust,6,501,back_right,0.0,3374.930852108861,1000,False,50.398943953749146,14.659227415619412,52.487584246905435,1.0079788790749828,1.0497516849381088,0.2679051786828786,0.4689025030443445,0.42572915311716497,0.4170488589219749,0.24593730738013983,0.5114553858637809,0.3963041957654059,0.35593391165323557,0.0,0.0,0.42572915311716497,0.4170488589219749,0.24593730738013983,0.5114553858637809,0.3963041957654059,0.35593391165323557
robust,6,502,back_right,0.0,2758.474597631083,1000,False,16.160293336304992,2.5826845091456163,16.365370145193914,0.32320586672609986,0.3273074029038783,0.6540245939549059,0.8137659675357863,0.2569705622177571,0.3765111267715692,0.32498207459971307,0.48712655080482364,0.42049616353586317,0.48700784665718677,0.0,0.0,0.2569705622177571,0.3765111267715692,0.32498207459971307,0.48712655080482364,0.42049616353586317,0.48700784665718677
robust,6,503,back_right,0.0,3516.8541206266177,1000,False,56.80603323773191,10.089937750833117,57.695166660839014,1.1361206647546382,1.1539033332167803,0.2591487205512822,0.444419070918113,0.42377711341623214,0.408340759690851,0.2395102621689439,0.47916636474430563,0.40888241641037165,0.37246223497763276,0.0,0.0,0.42377711341623214,0.408340759690851,0.2395102621689439,0.47916636474430563,0.40888241641037165,0.37246223497763276
robust,6,504,back_right,0.0,2704.004950926174,1000,False,12.88743537196465,3.818236716505912,13.44116520580859,0.257748707439293,0.2688233041161718,0.6255929885469377,0.7865658314712346,0.199796454180032,0.3646959683522582,0.36774071915447715,0.4729014755897224,0.41586701925471425,0.4677883524894714,0.0,0.0,0.199796454180032,0.3646959683522582,0.36774071915447715,0.4729014755897224,0.41586701925471425,0.4677883524894714
robust,6,505,back_right,0.0,3503.3215235860857,1000,False,56.50540166509476,13.545845969961608,58.10637108248646,1.1301080333018951,1.1621274216497293,0.25026860873773693,0.451282009921968,0.40293886318802835,0.4223578058704734,0.25033675291761753,0.5056677224114537,0.4078149526268244,0.3648330170828849,0.0,0.0,0.40293886318802835,0.4223578058704734,0.25033675291761753,0.5056677224114537,0.4078149526268244,0.3648330170828849
robust,6,506,back_right,0.0,2866.1209192174733,1000,False,19.734517766514955,2.0979894472760274,19.845723750918633,0.3946903553302991,0.3969144750183727,0.5337845980040729,0.7199282149728388,0.2285796829937026,0.36019109243154523,0.3068481010608375,0.44426433987915515,0.4078037146665156,0.45559595411643383,0.0,0.0,0.2285796829937026,0.36019109243154523,0.3068481010608375,0.44426433987915515,0.4078037146665156,0.45559595411643383
robust,6,507,back_right,0.0,3205.8542211612344,1000,False,26.551131791090448,4.986935595975306,27.01540534632526,0.531022635821809,0.5403081069265052,0.1958119545020163,0.339633205447346,0.25470571604184805,0.24911654523387552,0.21136590302735567,0.2407433785647154,0.2890509242955595,0.23861488750576973,0.0,0.0,0.25470571604184805,0.24911654523387552,0.21136590302735567,0.2407433785647154,0.2890509242955595,0.23861488750576973
robust,6,508,back_right,0.0,2484.8870969590835,1000,False,1.7556997263685628,-0.12718611577522596,1.7603004962836986,0.03511399452737125,0.03520600992567397,0.7051609884276986,0.9619060283377766,0.3543060842920095,0.2998354545533657,0.4452202776297927,0.6209639067947864,0.2856576324105263,0.4406998781897128,0.0,0.0,0.3543060842920095,0.2998354545533657,0.4452202776297927,0.6209639067947864,0.2856576324105263,0.4406998781897128
robust,6,509,back_right,0.0,2690.2938250914845,1000,False,8.98617740351617,-1.7935999781353342,9.163426499352285,0.1797235480703234,0.1832685299870457,0.7754962985925377,0.9116914494400844,0.21166911990754306,0.29185931136459115,0.39338665033504366,0.517809850782156,0.3870146513059735,0.44119742841646076,0.0,0.0,0.21166911990754306,0.29185931136459115,0.39338665033504366,0.517809850782156,0.3870146513059735,0.44119742841646076
