policy_training_condition,policy_training_seed,evaluation_seed,damage_leg,damage_alpha,episode_return,episode_length,terminated_before_time_limit,forward_distance,mean_forward_speed,mean_abs_raw_command_actuator_0,mean_abs_raw_command_actuator_1,mean_abs_raw_command_actuator_2,mean_abs_raw_command_actuator_3,mean_abs_raw_command_actuator_4,mean_abs_raw_command_actuator_5,mean_abs_raw_command_actuator_6,mean_abs_raw_command_actuator_7,mean_abs_applied_command_actuator_0,mean_abs_applied_command_actuator_1,mean_abs_applied_command_actuator_2,mean_abs_applied_command_actuator_3,mean_abs_applied_command_actuator_4,mean_abs_applied_command_actuator_5,mean_abs_applied_command_actuator_6,mean_abs_applied_command_actuator_7
nominal,0,100,healthy,1.0,110.76004592769877,128,True,0.6889031391530096,0.10764111549265774,0.13476007813005708,0.13298711032257415,0.1843881113018142,0.18612177214527037,0.19513696573267225,0.19963428817573003,0.26381534458778333,0.23626362321374472,0.13476007813005708,0.13298711032257415,0.1843881113018142,0.18612177214527037,0.19513696573267225,0.19963428817573003,0.26381534458778333,0.23626362321374472
nominal,0,101,healthy,1.0,411.12940399011154,351,True,7.196577792763952,0.41006141269310264,0.14439682487897215,0.13949026577599197,0.18934833765709164,0.1769897931300507,0.20574444344007223,0.20054458654313176,0.2830251397251913,0.20372124515643655,0.14439682487897215,0.13949026577599197,0.18934833765709164,0.1769897931300507,0.20574444344007223,0.20054458654313176,0.2830251397251913,0.20372124515643655
nominal,0,102,healthy,1.0,432.74338421153277,535,True,0.9042267921556207,0.03380287073478956,0.12156044723831605,0.13928207627314831,0.1891309089749773,0.17567279891015214,0.17379817698394584,0.19690977862783682,0.2565200415378976,0.2257711982319706,0.12156044723831605,0.13928207627314831,0.1891309089749773,0.17567279891015214,0.17379817698394584,0.19690977862783682,0.2565200415378976,0.2257711982319706
nominal,0,103,healthy,1.0,102.4708385165174,62,True,2.7496745217696943,0.8869917812160304,0.15922545479430306,0.1410948739296967,0.20529241138888943,0.17834153224623972,0.2325291837295217,0.16095665650021646,0.258088453162101,0.1832251437008381,0.15922545479430306,0.1410948739296967,0.20529241138888943,0.17834153224623972,0.2325291837295217,0.16095665650021646,0.258088453162101,0.1832251437008381
nominal,0,104,healthy,1.0,529.593575060162,458,True,8.53988382136587,0.3729206908893392,0.13497565837381773,0.12879488797345925,0.18439985352149438,0.16012176212053503,0.18045802721875723,0.2068640509433231,0.25161378451635225,0.21071356353573664,0.13497565837381773,0.12879488797345925,0.18439985352149438,0.16012176212053503,0.18045802721875723,0.2068640509433231,0.25161378451635225,0.21071356353573664
nominal,0,105,healthy,1.0,247.00287988825033,260,True,2.416603383339465,0.1858925679491896,0.13271910870591036,0.14967798196639007,0.1811742462253628,0.17976060781198053,0.20404645078457317,0.20135547672040188,0.28461700970880116,0.19275538278027224,0.13271910870591036,0.14967798196639007,0.1811742462253628,0.17976060781198053,0.20404645078457317,0.20135547672040188,0.28461700970880116,0.19275538278027224
nominal,0,106,healthy,1.0,860.231580662216,1000,False,3.9508860740531926,0.07901772148106385,0.1267271172227338,0.12799975262582303,0.18470427345018833,0.1809888744400814,0.18594406784512102,0.19889715154841542,0.25750674366392196,0.2162340273950249,0.1267271172227338,0.12799975262582303,0.18470427345018833,0.1809888744400814,0.18594406784512102,0.19889715154841542,0.25750674366392196,0.2162340273950249
nominal,0,107,healthy,1.0,385.34701016850306,305,True,7.659220479463129,0.5022439658664347,0.13163502099694777,0.1357845501027635,0.180991772855403,0.18007805106214814,0.18998651740248085,0.20785534054529473,0.3033764664938704,0.20034273441758801,0.13163502099694777,0.1357845501027635,0.180991772855403,0.18007805106214814,0.18998651740248085,0.20785534054529473,0.3033764664938704,0.20034273441758801
nominal,0,108,healthy,1.0,351.5885899134601,462,True,0.03939581563432004,0.0017054465642562789,0.12657725335264103,0.13220726186208007,0.18846018606942003,0.18544531505135617,0.1974362488957001,0.2239821037132438,0.26452566951803574,0.23256620014533885,0.12657725335264103,0.13220726186208007,0.18846018606942003,0.18544531505135617,0.1974362488957001,0.2239821037132438,0.26452566951803574,0.23256620014533885
nominal,0,109,healthy,1.0,903.7284944578313,1000,False,4.665734489193232,0.09331468978386465,0.1107627824228257,0.13769437100552023,0.17943542436975984,0.16679579249583185,0.15620948455296457,0.19027125754393637,0.22471326777152717,0.20526395060215144,0.1107627824228257,0.13769437100552023,0.17943542436975984,0.16679579249583185,0.15620948455296457,0.19027125754393637,0.22471326777152717,0.20526395060215144
nominal,0,100,front_left,0.5,951.0835835012514,1000,False,4.769812926602307,0.09539625853204614,0.10980981568340212,0.11415644144639372,0.16711238469928502,0.16836599447019399,0.15056538315303625,0.18451998910680414,0.23195171801932157,0.19310416511353104,0.10980981568340212,0.11415644144639372,0.08355619234964251,0.08418299723509699,0.15056538315303625,0.18451998910680414,0.23195171801932157,0.19310416511353104
nominal,0,101,front_left,0.5,840.2538002472336,1000,False,-0.3689398177709283,-0.007378796355418566,0.10219443809613585,0.12465761013701558,0.18470304167550058,0.1656424992326647,0.15865804478526116,0.18494653296284377,0.22279583203792572,0.2216286425413564,0.10219443809613585,0.12465761013701558,0.09235152083775029,0.08282124961633235,0.15865804478526116,0.18494653296284377,0.22279583203792572,0.2216286425413564
nominal,0,102,front_left,0.5,718.1253967601613,603,True,11.230481900168565,0.3724869618629706,0.13022628306082232,0.12495796244659432,0.18063736813695822,0.16501911760772736,0.18676925299667552,0.21275331623308597,0.26444163368968526,0.20255335012472436,0.13022628306082232,0.12495796244659432,0.09031868406847911,0.08250955880386368,0.18676925299667552,0.21275331623308597,0.26444163368968526,0.20255335012472436
nominal,0,103,front_left,0.5,987.7804447841926,1000,False,7.642274421498815,0.1528454884299763,0.11889683979377151,0.11734685467369854,0.18460452369879932,0.17568924936838448,0.16821861619129777,0.19645741481892764,0.2516023752372712,0.20064610332995653,0.11889683979377151,0.11734685467369854,0.09230226184939966,0.08784462468419224,0.16821861619129777,0.19645741481892764,0.2516023752372712,0.20064610332995653
nominal,0,104,front_left,0.5,202.8871555744379,187,True,2.4087395170985566,0.2576191996896852,0.11939482952662331,0.11722940988440246,0.17442028666721945,0.18336213302405122,0.16768265058371154,0.20388672208005093,0.23417339256820194,0.21726508000815775,0.11939482952662331,0.11722940988440246,0.08721014333360973,0.09168106651202561,0.16768265058371154,0.20388672208005093,0.23417339256820194,0.21726508000815775
nominal,0,105,front_left,0.5,912.8861316368029,1000,False,4.4170726332646515,0.08834145266529303,0.12168687983974814,0.12305142343882472,0.17469150209799408,0.16912340611033141,0.1843249255400151,0.19984209117107093,0.2619965079156682,0.20196338163129984,0.12168687983974814,0.12305142343882472,0.08734575104899704,0.08456170305516571,0.1843249255400151,0.19984209117107093,0.2619965079156682,0.20196338163129984
nominal,0,106,front_left,0.5,899.180446847961,1000,False,3.3476551733738806,0.06695310346747761,0.11014999924972653,0.12050118964165449,0.17615569092333316,0.16675703377090395,0.18003143811412156,0.20393410221487285,0.24763880627788604,0.20336594517994672,0.11014999924972653,0.12050118964165449,0.08807784546166658,0.08337851688545198,0.18003143811412156,0.20393410221487285,0.24763880627788604,0.20336594517994672
nominal,0,107,front_left,0.5,542.806308946364,538,True,5.205473445301075,0.19351202398888753,0.1154571182776561,0.12622825051813652,0.18388067170645225,0.1591858950904034,0.19590035723487684,0.215234569564711,0.2540696002404486,0.21373783184049241,0.1154571182776561,0.12622825051813652,0.09194033585322613,0.0795929475452017,0.19590035723487684,0.215234569564711,0.2540696002404486,0.21373783184049241
nominal,0,108,front_left,0.5,937.6536337147531,1000,False,5.125512028532318,0.10251024057064637,0.11990259802527725,0.12928004329837858,0.17783983999118208,0.16035326492600144,0.1695005722725764,0.20303965381346642,0.23797787479870022,0.21376097256876528,0.11990259802527725,0.12928004329837858,0.08891991999559104,0.08017663246300072,0.1695005722725764,0.20303965381346642,0.23797787479870022,0.21376097256876528
nominal,0,109,front_left,0.5,228.29209160103096,262,True,0.8607697123371916,0.06570761162879324,0.11578079555468022,0.1281501348450325,0.17725155367124967,0.16478872948276405,0.17979271783856035,0.21879291332518783,0.2715484867270552,0.24174836105560416,0.11578079555468022,0.1281501348450325,0.08862577683562484,0.08239436474138202,0.17979271783856035,0.21879291332518783,0.2715484867270552,0.24174836105560416
robust,0,100,healthy,1.0,48.887628181458034,52,True,0.7054683430652766,0.27133397810202947,0.20671272141715655,0.3101675333813406,0.187011773375651,0.23261829780844542,0.22973707436512297,0.19425098812923983,0.20815490050993574,0.2133345076133712,0.20671272141715655,0.3101675333813406,0.187011773375651,0.23261829780844542,0.22973707436512297,0.19425098812923983,0.20815490050993574,0.2133345076133712
robust,0,101,healthy,1.0,80.49801619583268,147,True,-0.8158113143042944,-0.11099473664004005,0.2029964218334276,0.28995846071261533,0.23478582525486444,0.22008791991642543,0.24547216173286746,0.2090167503956021,0.23208180178894477,0.2343854439337136,0.2029964218334276,0.28995846071261533,0.23478582525486444,0.22008791991642543,0.24547216173286746,0.2090167503956021,0.23208180178894477,0.2343854439337136
robust,0,102,healthy,1.0,196.21454293661557,227,True,2.4370142483612,0.21471491174988544,0.20725594288649013,0.2998328520567669,0.23570528933327103,0.22134541144126837,0.2579888761995385,0.2266621057945201,0.23964196874550853,0.20870554238344474,0.20725594288649013,0.2998328520567669,0.23570528933327103,0.22134541144126837,0.2579888761995385,0.2266621057945201,0.23964196874550853,0.20870554238344474
robust,0,103,healthy,1.0,714.1229762803434,1000,False,1.2556167410207415,0.02511233482041483,0.20514757348224522,0.2680207387842238,0.2230008764397353,0.24920038776472211,0.24115430796518922,0.17773574029840528,0.224035947273951,0.18668697830848396,0.20514757348224522,0.2680207387842238,0.2230008764397353,0.24920038776472211,0.24115430796518922,0.17773574029840528,0.224035947273951,0.18668697830848396
robust,0,104,healthy,1.0,309.1808026971385,240,True,7.54439793689094,0.628699828074245,0.1925733546105524,0.31076905223696183,0.19650894195462268,0.23789915281813592,0.26319657392644635,0.22248942187676826,0.2118999198564173,0.2102660686088105,0.1925733546105524,0.31076905223696183,0.19650894195462268,0.23789915281813592,0.26319657392644635,0.22248942187676826,0.2118999198564173,0.2102660686088105
robust,0,105,healthy,1.0,99.6508644845192,115,True,1.046396379054781,0.18198197896604887,0.188570615714011,0.31786948732383874,0.19103409651180972,0.21707851115776144,0.21787277639884015,0.1911763670651809,0.2140942556783557,0.23135959322199873,0.188570615714011,0.31786948732383874,0.19103409651180972,0.21707851115776144,0.21787277639884015,0.1911763670651809,0.2140942556783557,0.23135959322199873
robust,0,106,healthy,1.0,120.83852195764538,129,True,1.8053605030693423,0.2799008531890453,0.20168961053208787,0.2753983641173257,0.20914134657544683,0.2280017243510531,0.22963894754936992,0.21700352869292563,0.24150180662512893,0.2400336383675882,0.20168961053208787,0.2753983641173257,0.20914134657544683,0.2280017243510531,0.22963894754936992,0.21700352869292563,0.24150180662512893,0.2400336383675882
robust,0,107,healthy,1.0,569.4958860777626,528,True,10.87268645969714,0.4118441840794371,0.2049394308335402,0.29249958848496055,0.21586175979764172,0.21847465095660565,0.24556657999655176,0.22659134991100113,0.2261227493740576,0.2160981429483262,0.2049394308335402,0.29249958848496055,0.21586175979764172,0.21847465095660565,0.24556657999655176,0.22659134991100113,0.2261227493740576,0.2160981429483262
robust,0,108,healthy,1.0,69.56464199480443,48,True,1.8997446396605515,0.7915602665252297,0.20214570173993707,0.24955253683341047,0.22264484859382114,0.20222406007815152,0.3004382593790069,0.21181932898859182,0.2308233497897163,0.17992526839952916,0.20214570173993707,0.24955253683341047,0.22264484859382114,0.20222406007815152,0.3004382593790069,0.21181932898859182,0.2308233497897163,0.17992526839952916
robust,0,109,healthy,1.0,173.07341014920533,170,True,3.0758919536430285,0.3618696416050622,0.2003854582853177,0.2867566396975342,0.2134090323877685,0.24448317101992229,0.25455983243882657,0.22495865561068057,0.23604019984657712,0.21043899191324325,0.2003854582853177,0.2867566396975342,0.2134090323877685,0.24448317101992229,0.25455983243882657,0.22495865561068057,0.23604019984657712,0.21043899191324325
robust,0,100,front_left,0.5,804.4170517772122,1000,False,2.0942814099254274,0.04188562819850855,0.1900817528180778,0.27065132415667176,0.2216250457018614,0.2489135136101395,0.23171616456657648,0.17572648341953753,0.2193198205572553,0.1952183919912204,0.1900817528180778,0.27065132415667176,0.1108125228509307,0.12445675680506975,0.23171616456657648,0.17572648341953753,0.2193198205572553,0.1952183919912204
robust,0,101,front_left,0.5,82.23686965861175,105,True,0.35664964013320455,0.06793326478727706,0.20786221708570207,0.28903237753325983,0.20788995132205032,0.26938125711111793,0.23918511796565284,0.19485898142059643,0.2836250544658729,0.1762145775059859,0.20786221708570207,0.28903237753325983,0.10394497566102516,0.13469062855555897,0.23918511796565284,0.19485898142059643,0.2836250544658729,0.1762145775059859
robust,0,102,front_left,0.5,474.0009201415784,540,True,4.41002836140776,0.16333438375584297,0.20357928243638188,0.27365679194874787,0.21626063250695113,0.21960066441894957,0.2669239602120662,0.18643006828303138,0.2892172675165865,0.1950404449366033,0.20357928243638188,0.27365679194874787,0.10813031625347556,0.10980033220947479,0.2669239602120662,0.18643006828303138,0.2892172675165865,0.1950404449366033
robust,0,103,front_left,0.5,96.94869316843422,114,True,0.7371333418911802,0.12932163892827722,0.22918775968515037,0.30498816429130865,0.16991147168568874,0.25235974414502843,0.24823716954377137,0.16598869958206228,0.21927018150719896,0.20677214584787162,0.22918775968515037,0.30498816429130865,0.08495573584284437,0.12617987207251422,0.24823716954377137,0.16598869958206228,0.21927018150719896,0.20677214584787162
robust,0,104,front_left,0.5,374.5999823815311,575,True,-1.4620262840756557,-0.05085308814176194,0.20947286308459614,0.2692844486106997,0.20399010849063812,0.26455631135922414,0.2846773527076711,0.17443738955518473,0.2996892005164662,0.20966242889023345,0.20947286308459614,0.2692844486106997,0.10199505424531906,0.13227815567961207,0.2846773527076711,0.17443738955518473,0.2996892005164662,0.20966242889023345
robust,0,105,front_left,0.5,75.13248263724456,142,True,-1.179396030919606,-0.16611211703093043,0.21101699591102735,0.32363523464177696,0.21622491208180575,0.19842739790205804,0.27381018445577837,0.1911690371097918,0.2824192703242453,0.1821353506939617,0.21101699591102735,0.32363523464177696,0.10811245604090287,0.09921369895102902,0.27381018445577837,0.1911690371097918,0.2824192703242453,0.1821353506939617
robust,0,106,front_left,0.5,305.8523736761824,372,True,1.9543335460021867,0.10507169602162293,0.19989561687113458,0.2508507232602325,0.20352403583726095,0.2655421704083921,0.25796302833083656,0.17046693541730443,0.3006910046560049,0.2155459158057447,0.19989561687113458,0.2508507232602325,0.10176201791863047,0.13277108520419606,0.25796302833083656,0.17046693541730443,0.3006910046560049,0.2155459158057447
robust,0,107,front_left,0.5,831.714104660146,1000,False,3.652597145522086,0.07305194291044172,0.20163836592435838,0.268823397917673,0.2126434041056782,0.22499504657462238,0.2291735825240612,0.16832828739657998,0.23911589125264435,0.18893396125081927,0.20163836592435838,0.268823397917673,0.1063217020528391,0.11249752328731119,0.2291735825240612,0.16832828739657998,0.23911589125264435,0.18893396125081927
robust,0,108,front_left,0.5,130.63071154533725,125,True,2.0437834653172477,0.3270053544507596,0.1988042953312397,0.2563676269948483,0.2196181834936142,0.23270744282007216,0.2674532293975353,0.2086459379196167,0.2551754562444985,0.2493146252706647,0.1988042953312397,0.2563676269948483,0.1098090917468071,0.11635372141003608,0.2674532293975353,0.2086459379196167,0.2551754562444985,0.2493146252706647
robust,0,109,front_left,0.5,86.10712912459883,63,True,2.1099571336796386,0.6698276614855995,0.20498140635234968,0.31212264269826906,0.16643259328390872,0.2540380912759001,0.2855272959503863,0.18333708370725313,0.25792966125946903,0.21295841670935117,0.20498140635234968,0.31212264269826906,0.08321629664195436,0.12701904563795005,0.2855272959503863,0.18333708370725313,0.25792966125946903,0.21295841670935117
