#{"t_start": 1787791052.7203162, "env_id": "Ant-v5"}
r,l,t
20.110355,20,0.658407
17.325638,14,0.677125
29.546033,48,0.741251
33.994306,70,0.835384
57.749011,102,0.972602
16.416755,22,1.002186
20.378658,35,1.05058
7.304501,13,1.068801
16.778836,21,1.097399
951.326731,1000,2.473682
44.202393,35,2.523134
177.794304,120,2.685078
164.701694,112,2.836229
67.98232,37,2.886469
93.624595,96,3.015035
37.796056,31,3.058044
41.036478,57,3.136986
22.65224,32,3.179605
9.416835,13,3.196954
7.712187,38,3.247401
13.928377,62,3.330795
35.212073,26,3.365725
68.73154,51,4.149537
17.140296,51,4.222648
21.638852,20,4.249608
135.824801,89,4.369516
112.595657,139,4.560396
22.465645,93,4.689643
0.643529,15,4.710593
22.578238,19,4.736635
64.713315,56,4.813754
14.767096,52,4.886149
1013.671872,1000,6.273867
88.595203,85,6.389016
23.940669,46,6.451388
39.191601,39,6.506343
35.713222,25,6.540138
7.336751,41,6.596282
32.874819,34,6.642407
44.069719,96,6.775228
51.243551,57,6.851568
99.393589,90,7.39027
40.865435,69,7.485573
25.390453,19,7.511322
40.024264,32,7.554883
15.964517,31,7.596636
19.156792,43,7.654516
46.821389,48,7.718981
12.319741,17,7.741532
61.139336,66,7.829593
30.684886,26,7.864201
19.352897,13,7.881188
20.838457,18,7.905625
14.464949,14,7.924467
36.246761,37,7.973962
4.838108,11,7.988501
22.417304,27,8.025007
934.995644,1000,9.408715
38.884811,33,9.454807
144.339032,123,9.622325
105.420351,71,9.718196
0.966768,16,9.739801
30.998102,74,9.840629
41.740049,53,9.912107
10.152513,12,9.927967
19.866257,81,10.037065
6.816029,15,10.057929
61.544879,60,10.14125
11.927586,15,10.161609
33.988014,33,10.851716
14.931127,34,10.900016
62.156992,63,10.986822
12.584447,48,11.051605
20.80029,27,11.088608
9.643241,10,11.102579
2.128661,13,11.121371
33.837738,70,11.225427
28.016302,57,11.307851
23.714493,38,11.360164
5.994371,31,11.402296
30.111236,16,11.424944
22.218337,39,11.477924
29.098119,67,11.570811
45.348188,70,11.666514
120.759004,143,11.863822
21.612763,40,11.919894
38.120536,25,11.954251
47.170059,48,12.01903
131.891135,143,12.213301
36.676049,24,12.24543
61.901851,52,12.314489
10.85986,13,12.332547
41.931411,32,12.375955
0.555229,45,12.438184
16.041595,34,12.486909
110.353963,122,12.649526
43.460661,60,12.731043
44.762387,44,12.790285
6.109071,18,12.814247
20.555255,57,12.892204
1036.309605,1000,14.939784
56.512717,63,15.025961
2.471799,15,15.046109
10.072126,11,15.061038
25.417832,27,15.09688
47.977306,24,15.128933
36.258566,51,15.198844
27.820546,43,15.258482
15.381193,12,15.275603
47.27461,61,15.356684
71.834678,81,15.46584
14.726544,45,15.526533
34.08295,22,15.557446
6.183866,12,15.57428
137.125189,107,15.719068
61.326915,79,15.826
39.540453,36,15.875037
79.73389,56,15.950332
1011.625921,1000,18.038836
97.976695,89,18.158469
247.731251,200,18.427928
46.157868,47,18.492048
15.68646,28,18.530529
10.376602,18,18.556242
20.630991,33,18.601405
66.068882,76,18.704846
29.918716,37,18.755018
12.050486,50,18.82429
-2.489489,13,18.842138
1038.928157,1000,20.228559
11.817313,17,20.251517
79.738777,86,20.368703
26.368677,55,20.443498
45.905108,48,20.508291
36.353411,40,20.562372
59.853379,88,21.365162
48.631752,47,21.431596
124.305145,138,21.617946
58.863258,40,21.671538
137.814346,138,21.856312
174.485864,189,22.111084
884.96121,1000,23.486943
94.408219,115,23.642937
104.235112,92,23.767759
330.36179,273,24.511578
52.924361,37,24.565003
25.114426,21,24.595092
116.159358,72,24.693505
17.826372,14,24.712537
10.837576,20,24.740286
7.980416,22,24.769948
1011.829339,1000,26.137428
88.008569,110,26.284945
95.70663,66,26.37397
3.040567,14,26.392917
23.982346,22,26.422215
7.948399,26,26.457403
32.861239,32,26.500992
14.962406,18,26.525589
936.744549,1000,28.318577
25.720799,15,28.339109
996.594751,1000,29.72283
51.046351,73,29.823813
138.819324,97,29.958291
1.711744,11,29.973477
54.569142,70,30.069637
90.392658,108,30.217915
69.936262,50,30.287324
87.027421,112,30.443234
80.84129,66,30.535699
4.827298,46,31.004804
130.782694,102,31.143389
133.640555,170,31.376572
49.002749,32,31.420839
7.07309,8,31.432534
61.056014,96,31.562925
17.02568,29,31.603393
44.53748,25,31.637115
9.177405,13,31.654459
1071.776065,1000,33.015997
5.280479,18,33.041847
96.4741,177,33.283575
56.959701,50,33.353027
226.998734,149,33.560161
100.239226,91,33.684017
40.829617,38,33.735896
27.23994,30,34.126995
1.650929,19,34.154961
111.73774,134,34.338913
145.737345,164,34.564044
29.610291,58,34.642166
16.679669,20,34.669127
34.146422,30,34.709276
7.974852,11,34.72417
36.131531,31,34.76626
46.248578,39,34.81794
49.445642,39,34.87025
-3.7644,21,34.898437
1037.463821,1000,36.271219
129.589274,114,36.429506
25.135345,92,36.555574
49.565143,55,36.632061
238.555693,200,36.903925
68.201632,51,37.259409
1031.540761,1000,38.647743
2.92143,13,38.665826
31.574679,37,38.716476
27.26083,72,38.817119
27.456623,29,38.856999
47.347315,35,38.904812
124.669647,97,39.037189
37.560826,101,39.175306
42.555783,30,39.216096
65.510967,73,39.31573
64.275661,36,39.364226
8.572742,14,39.383207
12.807362,20,39.411189
34.104483,33,39.457726
47.888996,38,39.51004
126.60719,66,39.598519
51.523026,45,39.660385
1036.96661,1000,41.385237
79.090295,115,41.549062
13.731491,24,41.58153
129.567093,116,41.742312
69.516394,39,41.795419
74.275906,74,41.903523
12.30942,21,41.938774
101.81573,59,42.025043
84.640122,54,42.100322
73.884872,79,42.208642
18.084356,27,42.246132
989.488028,1000,44.066249
35.412907,37,44.116909
10.352324,14,44.136204
19.947527,21,44.165337
39.699184,50,44.233939
22.132542,23,44.267416
136.083239,100,44.405556
8.326858,29,44.445798
5.778898,15,44.466059
48.205944,43,44.524349
62.726702,40,44.577407
83.634071,60,44.658214
12.036102,14,44.677272
23.952019,15,44.697643
88.213894,92,44.822802
59.341332,58,44.903614
1046.840049,1000,46.288824
45.162516,43,46.346943
137.812689,92,46.471664
163.580022,137,47.174695
12.470322,11,47.189737
107.394374,91,47.31765
39.188033,32,47.362559
14.507155,14,47.382414
27.394943,31,47.426319
209.809956,171,47.667136
27.424975,54,47.741421
1.139165,16,47.763723
40.771819,34,47.811765
981.771398,1000,49.204928
10.732588,19,49.230526
21.715853,24,49.263393
37.882969,26,49.299242
1076.079577,1000,51.023859
10.375081,15,51.044344
48.095036,59,51.12371
33.179499,22,51.154067
28.926465,66,51.244021
102.954877,82,51.356798
57.008161,119,51.523906
57.124735,66,51.619023
74.101604,57,51.698629
30.862071,21,51.728268
1054.955867,1000,53.459094
53.531206,70,53.557868
26.898232,51,53.630916
156.88732,144,53.832999
83.942826,96,53.96544
1016.951999,1000,55.357054
33.050118,29,55.397626
86.838348,65,55.501417
99.05522,69,55.602039
2.996382,16,55.624565
56.078677,56,55.702771
61.724639,72,55.80148
73.374358,60,55.884428
48.82752,36,55.934346
199.867555,273,56.661467
40.121591,71,56.761339
192.709363,169,57.021441
23.868001,15,57.043627
17.283091,21,57.07471
54.769977,45,57.138183
203.574615,163,57.375159
44.710623,41,57.433304
314.358434,261,57.796746
1009.517483,1000,59.192349
1045.005386,1000,60.973387
32.347154,62,61.059573
48.417412,59,61.141688
82.796131,59,61.22281
207.757452,159,61.445271
26.475459,27,61.483955
84.968609,85,61.601026
27.242197,48,61.670494
1023.994919,1000,63.399568
88.33125,58,63.478858
127.625278,142,63.676222
51.307243,36,63.727142
1061.966074,1000,65.116966
8.565495,11,65.131824
91.869457,105,65.274747
197.17389,123,65.443896
25.765673,19,65.470273
33.659932,50,65.538562
59.600394,35,65.58617
153.485316,127,65.766303
18.008489,19,65.792836
79.242156,71,65.890148
14.755885,27,66.236428
72.28148,78,66.345761
13.943071,37,66.396889
1080.683196,1000,67.779844
118.568996,75,67.882945
141.951618,124,68.053311
72.197882,70,68.149477
42.920601,23,68.181349
985.387288,1000,70.021228
64.306268,50,70.087913
112.317877,71,70.184483
9.680817,56,70.261044
29.009647,52,70.332573
-0.774818,10,70.346567
57.01374,51,70.416926
105.706011,114,70.572778
120.785036,133,70.757469
1032.059217,1000,72.153647
1074.624268,1000,73.994235
12.609315,19,74.020972
26.325731,41,74.077401
120.528664,68,74.173953
38.910552,37,74.2249
462.594209,349,74.709934
96.463727,100,74.850143
12.531267,24,74.883446
88.672439,106,75.033918
28.459396,45,75.096612
35.638437,50,75.166492
1080.129537,1000,76.892724
7.152059,37,76.943804
113.234582,73,77.042811
106.532435,72,77.140035
32.11279,41,77.196263
35.492554,23,77.227206
111.476631,89,77.348775
5.479096,12,77.365323
1095.637394,1000,78.759592
52.610103,94,79.283034
45.89967,34,79.33014
16.480151,30,79.372197
77.169781,51,79.444945
1123.105869,1000,80.859055
977.646632,1000,82.580311
101.294812,93,82.709153
17.238391,32,82.753308
142.64871,146,82.954341
25.039193,23,82.985945
62.721789,73,83.088218
1071.507833,1000,84.495363
24.611879,21,84.524315
97.410934,76,84.628667
99.433568,106,84.774316
1063.870987,1000,86.459429
86.182957,127,86.633981
0.219624,19,86.660943
167.992191,166,86.89134
41.860867,51,86.965395
1079.744927,1000,88.36997
150.731593,151,88.82983
350.567134,355,89.314163
51.305657,36,89.363389
1117.148506,1000,90.751832
29.755518,29,90.792202
27.660907,36,90.84045
57.277059,74,90.941962
45.149677,39,90.99574
97.716097,86,91.113622
49.111006,38,91.164924
1052.924344,1000,92.671076
9.149751,16,92.693052
1.459949,18,92.717453
59.214117,50,92.787709
38.170587,29,92.828842
1046.03499,1000,94.230801
113.856835,98,94.364395
19.952075,53,94.439446
22.548837,52,94.852668
88.977007,89,94.977303
1063.030536,1000,96.366808
95.262685,69,96.462999
155.29032,176,96.699864
94.841513,55,96.774548
26.235568,42,96.831191
233.423041,135,97.015556
83.731486,52,97.086493
11.695403,25,97.120532
58.469056,32,97.164699
1103.570376,1000,98.849896
1056.116816,1000,100.239746
27.204948,23,100.271374
56.911854,61,100.354251
39.109774,24,100.386833
4.30044,16,100.409191
1135.619515,1000,102.144464
184.524968,176,102.390169
48.786665,35,102.437819
57.366896,85,102.556246
73.694327,55,102.631809
68.169062,54,102.705642
1161.879015,1000,104.358659
1101.242949,1000,105.744714
97.05414,67,105.838921
93.030616,78,105.948126
106.887972,86,106.069725
35.002778,28,106.109887
129.330052,94,106.238502
66.551131,46,106.301616
25.459018,36,106.350459
48.047888,38,106.403264
110.242677,80,106.515591
48.684187,55,106.592167
182.305883,170,106.826774
92.567406,72,106.923539
21.216707,35,106.97141
97.554282,121,107.493123
22.626912,32,107.535781
156.337776,187,107.792741
94.596109,85,107.907732
18.868806,22,107.938142
52.091936,52,108.008543
225.564707,176,108.26174
81.870773,51,108.331252
30.870829,50,108.399428
49.791562,45,108.460943
1064.654137,1000,109.838943
88.775859,50,109.906028
60.260339,57,109.983517
36.294453,41,110.042193
9.379081,14,110.061692
41.264337,52,110.136909
35.016539,25,110.171943
370.111199,310,110.831691
97.735777,54,110.906017
250.07045,230,111.221648
127.351611,113,111.377307
30.724225,21,111.405821
188.357421,148,111.608153
16.380429,32,111.652102
68.184363,41,111.707415
1171.798538,1000,113.098556
63.409182,71,113.19696
1093.161437,1000,114.834864
132.44212,137,115.025819
42.072484,51,115.095984
129.698337,93,115.223842
17.038002,14,115.243097
150.338238,120,115.409947
20.193546,24,115.447179
8.506062,10,115.462606
25.458352,26,115.503721
47.998911,28,115.54632
19.334075,19,115.5742
174.144065,149,115.781774
135.338989,149,115.98684
71.624425,33,116.03197
33.781034,38,116.083544
133.489354,111,116.241759
76.076488,63,116.328466
1056.485645,1000,117.884409
60.988655,39,117.938949
5.50248,8,117.949969
1100.29382,1000,119.342145
11.565982,15,119.363213
34.284446,53,119.436488
160.951394,117,119.908459
105.222371,91,120.033238
183.223324,121,120.196943
34.04,33,120.242527
174.211046,102,120.383099
230.737043,218,120.681641
96.653099,79,120.788662
1109.558222,1000,122.172727
41.850526,25,122.209133
113.428298,95,122.343305
187.38199,113,122.497285
41.925764,46,122.560752
95.091732,74,122.902731
33.267475,31,122.944758
11.938509,12,122.961295
46.473966,28,122.999567
22.806473,19,123.025323
110.257352,76,123.131548
20.73542,22,123.162321
6.028854,14,123.181891
70.526792,53,123.254236
81.86258,75,123.357452
57.306362,44,123.419282
9.688069,20,123.447276
93.790903,71,123.545984
26.565427,26,123.582212
83.460148,69,123.67721
1086.938543,1000,125.06754
40.826617,28,125.106177
196.082126,193,125.370365
59.957433,95,125.503178
76.920814,57,125.581789
62.042714,46,125.644918
108.814498,125,126.111505
1149.88348,1000,127.496353
46.83,43,127.555374
21.826735,39,127.608017
63.423921,47,127.671129
1100.785881,1000,129.232449
134.474812,116,129.391279
53.80945,68,129.486494
73.441905,40,129.54185
15.098944,14,129.561185
4.099237,10,129.574843
76.83683,68,129.668473
40.253871,38,129.720691
13.672318,55,129.795886
66.454033,94,129.925387
9.514733,30,129.966699
50.342,34,130.013644
24.289594,16,130.036101
115.825064,108,130.184788
19.701582,21,130.213735
21.447139,19,130.239719
25.776047,46,130.304114
13.621065,34,130.352109
67.599401,59,130.435055
57.915628,36,130.48449
171.505841,172,130.720247
219.437478,196,130.98807
80.915296,57,131.066175
104.716973,87,131.183791
58.502578,83,131.298207
33.986715,42,131.355612
1198.992539,1000,133.023834
26.114646,50,133.094816
65.867351,46,133.157347
99.062884,55,133.232486
41.839301,32,133.276252
58.987104,48,133.340929
19.468201,36,133.391305
135.4917,100,133.530622
83.830426,54,133.605508
210.178775,161,133.82736
189.719086,173,134.064012
38.610391,34,134.11073
41.461879,65,134.200933
19.129695,30,134.24361
1106.606081,1000,135.972989
17.912344,16,135.995633
30.542838,18,136.020546
26.828206,23,136.053481
95.093811,126,136.23129
1105.234361,1000,137.62897
66.726154,95,137.759673
208.486757,197,138.033325
52.810185,41,138.090458
1079.877279,1000,139.647296
142.799087,154,139.861422
276.488743,201,140.137205
100.980832,93,140.263687
-6.9727,16,140.286441
113.946105,91,140.415501
1141.909541,1000,141.979754
1130.500383,1000,143.37002
54.077492,43,143.431162
265.816077,251,143.78524
1157.426214,1000,145.538143
64.333427,53,145.610337
9.335829,21,145.638969
22.921302,30,145.680451
24.622709,24,145.713116
1116.995989,1000,147.113431
1224.847583,1000,148.82892
1157.704482,1000,150.22668
1121.413653,1000,151.874209
1107.289382,1000,153.264763
1148.467079,1000,154.913413
21.742799,39,154.967114
75.871646,52,155.038619
30.089764,75,155.141655
61.273926,71,155.240018
88.24816,69,155.333482
1149.114275,1000,156.746149
1122.739914,1000,158.46133
1108.23326,1000,159.858727
36.207145,53,159.931791
1177.991398,1000,161.491862
1186.400073,1000,162.889453
1154.97209,1000,164.597745
1182.072025,1000,165.984097
3.715084,12,166.000175
1233.56865,1000,167.690878
188.317873,137,167.880108
42.411146,47,167.94551
245.089197,174,168.189049
117.581654,103,168.33171
146.03596,144,168.528645
1170.360676,1000,170.173218
88.562585,111,170.325301
94.499652,54,170.404392
1143.986013,1000,171.804289
110.911126,77,171.910951
14.5652,13,171.928849
167.25432,106,172.074774
134.031536,191,172.338388
31.771004,27,172.375117
44.98315,41,172.718968
161.748746,130,172.902686
35.693179,38,172.955182
38.326196,35,173.00324
1191.977308,1000,174.395633
40.867325,45,174.46059
31.51029,22,174.490769
2.480626,14,174.509923
1151.847924,1000,176.25869
48.73297,27,176.294973
37.544904,32,176.339204
50.507448,34,176.386869
34.348043,36,176.436266
83.956515,40,176.489991
1277.35897,1000,177.878477
54.166961,51,177.94801
65.855794,85,178.06271
1093.971114,863,179.39335
1135.52882,1000,180.788648
90.988163,67,180.883241
68.53913,43,180.942174
1141.97406,1000,182.579399
1197.807081,1000,183.963922
81.625896,54,184.037838
63.796368,52,184.108803
146.156292,99,184.244757
1192.598409,1000,185.855092
1243.713504,1000,187.247248
50.305095,32,187.290904
285.051511,208,187.575701
1186.386599,1000,189.185681
1180.891493,1000,190.573322
168.18435,121,190.739832
145.284172,123,190.910374
24.461963,22,191.183558
61.570789,70,191.281337
16.915537,23,191.313249
28.490985,26,191.349695
1209.050385,1000,192.730989
1243.013117,1000,194.31577
1197.335177,1000,195.69871
15.625921,13,195.716861
114.538174,91,195.842394
128.907421,79,195.952147
48.411495,23,195.983178
1160.237737,1000,197.70625
142.673246,147,197.907853
68.633249,92,198.033347
58.679157,65,198.122143
59.829268,54,198.198768
68.108094,55,198.273917
1253.349987,1000,199.668301
188.066588,195,199.939449
88.500556,113,200.097163
71.132472,80,200.2076
134.097425,107,200.727298
206.204402,190,200.992657
1190.504061,1000,202.378369
1180.794008,1000,204.015965
34.940327,29,204.057427
67.44925,68,204.150969
148.393508,119,204.316262
59.720116,56,204.393812
6.681913,15,204.415511
1187.267148,1000,205.821089
16.333832,14,205.840432
1247.938411,1000,207.411332
52.768433,26,207.447631
104.213125,113,207.603069
1274.317921,1000,208.995924
1229.627116,1000,210.612015
1264.217054,1000,212.004439
29.506791,44,212.064446
25.097271,33,212.109945
1216.393405,1000,213.701121
123.050828,134,213.887928
1194.944269,1000,215.298781
10.692665,16,215.320698
39.352278,42,215.37744
100.254719,49,215.446324
395.084098,376,216.10639
1302.817645,1000,217.502929
146.365975,129,217.683607
149.201985,152,217.892541
125.108406,113,218.047573
72.13258,49,218.11434
210.030184,197,218.387672
73.647369,58,218.467093
204.053373,136,218.653484
1260.014477,1000,220.220603
45.357369,31,220.263636
152.959869,162,220.488209
168.039233,149,220.696851
1214.30799,1000,222.344487
201.113526,215,222.644056
98.009631,85,222.760573
17.265767,20,222.788825
166.864957,117,222.950087
1360.064047,1000,224.352208
35.12064,28,224.392185
142.024851,101,224.530829
30.202394,30,224.573606
38.413566,20,224.601481
74.668714,76,224.704663
26.134718,37,224.757552
1255.492136,1000,226.341029
76.998156,66,226.433336
140.792534,98,226.570858
1284.971302,1000,228.195209
1215.797575,1000,229.594472
80.309086,86,229.715179
19.793865,31,229.759642
227.674514,180,230.008149
1281.046779,1000,231.689968
115.820074,97,231.823417
111.066691,113,231.983127
1240.374116,1000,233.375475
33.319536,30,233.418763
34.901179,25,233.453432
41.395098,30,233.494519
93.948697,59,233.576387
123.89353,94,233.706537
14.132363,27,233.743735
115.645862,101,233.883245
73.605899,89,234.007104
1319.366542,1000,235.532597
172.799878,119,235.699597
1228.835316,1000,237.401485
1281.273901,1000,238.793354
75.346917,44,238.853385
43.082267,43,238.912461
32.306428,22,238.943027
37.558261,30,238.983912
1338.967852,1000,240.680022
1306.176173,1000,242.075472
90.536106,74,242.176955
1269.284928,1000,243.77634
30.054945,27,243.812701
102.490614,90,243.936337
36.865988,42,243.994134
1294.656313,1000,245.382865
62.292212,38,245.439014
119.213297,131,245.621531
54.733539,54,245.698925
57.643957,38,245.751878
22.742651,32,245.796093
50.876941,51,245.865424
137.558708,101,246.005167
38.378183,42,246.062315
103.904039,71,246.15919
104.107517,65,246.24835
29.154905,28,246.287693
128.244922,134,246.806111
90.215565,68,246.90443
47.726163,35,246.95343
216.778451,162,247.178888
1340.937124,1000,248.575343
164.643891,132,248.759984
493.422337,461,249.398697
35.068584,33,249.445978
83.271046,66,249.54129
91.343376,76,249.647042
44.04856,42,249.946949
56.767564,43,250.006874
1313.860911,1000,251.396303
130.142629,85,251.518041
99.583323,77,251.625795
150.213976,107,251.77474
148.842899,91,251.898099
1322.841591,1000,253.498334
43.347928,44,253.559857
37.08555,56,253.635603
47.040628,52,253.706343
162.979971,116,253.865285
62.868813,36,253.915399
117.770869,100,254.054729
67.639301,65,254.145115
115.258648,95,254.27845
69.815211,53,254.352429
10.962455,9,254.364876
31.911264,32,254.409364
200.769307,125,254.581388
155.493728,117,254.741632
58.419462,40,254.796458
1321.892396,1000,256.322658
1303.113448,1000,257.710536
141.69479,119,257.876651
63.133939,65,257.965822
1348.936645,1000,259.679037
54.746015,70,259.775789
269.64253,196,260.047028
6.520428,10,260.060843
287.996283,201,260.337332
126.819334,92,260.465498
1341.9673,1000,261.85841
72.738977,65,262.219946
1369.696193,1000,263.622571
98.523536,97,263.758333
1329.685157,1000,265.30864
124.343035,125,265.48592
1363.039369,1000,266.878029
333.933258,248,267.223825
41.754269,26,267.26071
121.199449,73,267.362806
23.561267,24,267.396325
113.018173,124,267.57055
1357.990401,1000,269.181212
119.861975,103,269.326021
25.04045,39,269.379517
36.986049,20,269.407114
44.873825,32,269.452085
134.472962,148,269.665066
317.391007,249,270.010529
497.704186,329,270.462403
23.385438,25,270.4979
121.14891,109,270.64852
127.279386,79,270.757555
115.17718,101,270.906857
58.942973,34,270.9536
1332.83763,1000,272.561595
176.915334,131,272.745965
149.078115,115,272.907813
55.692227,43,272.968005
1314.224917,1000,274.628023
111.504596,88,274.75278
77.158361,75,274.857443
138.726748,118,275.021687
1373.863818,1000,276.421016
81.609131,96,276.55416
83.677127,56,276.63085
156.724089,121,276.798873
13.134868,29,276.838541
64.917264,54,276.912782
87.96004,70,277.010359
134.744064,88,277.131041
35.56751,65,277.219434
20.963771,13,277.237198
50.123104,39,277.289821
175.648881,161,277.787374
38.899442,25,277.822718
1296.967827,1000,279.21313
141.400972,105,279.356556
241.752507,233,279.677336
1363.474355,1000,281.329663
49.348054,29,281.37011
1263.004775,1000,282.776487
36.868645,32,282.822557
309.511165,225,283.13552
16.35992,34,283.182062
217.256027,154,283.397251
0.556484,10,283.410967
209.491626,152,283.758998
66.689536,91,283.888451
1322.149615,1000,285.281475
1345.029395,1000,286.799174
25.750343,26,286.835319
8.158264,12,286.852454
365.590339,309,287.282028
125.657577,81,287.394006
1271.929266,1000,288.785763
134.010109,103,288.930165
1315.13564,1000,290.648982
1364.254534,1000,292.032068
1285.330019,1000,293.667202
42.101524,35,293.716088
103.32625,93,293.844409
92.093361,62,293.933243
1.917401,9,293.945801
124.913921,107,294.094634
77.209941,52,294.167541
104.708607,76,294.273479
1405.862428,1000,295.691762
14.330338,16,295.714563
38.607269,32,295.759252
1322.314658,1000,297.393637
177.064665,120,297.560241
67.169632,66,297.652255
102.464967,137,297.842242
119.347685,85,297.963925
560.340999,479,298.630721
1344.287034,1000,300.200727
41.658039,26,300.237387
1354.67223,1000,301.63895
40.024245,42,301.697009
123.619853,71,301.793584
1322.146371,1000,303.492571
26.456246,21,303.521875
44.623343,31,303.565164
22.5643,24,303.59835
1372.470461,1000,304.999478
85.603309,75,305.102559
147.194686,100,305.383907
1416.047323,1000,306.790863
237.961149,191,307.052727
26.74001,40,307.107424
1403.599029,1000,308.824256
163.81908,157,309.041125
1362.562823,1000,310.434135
194.129442,148,310.636491
410.261527,365,311.140898
57.399126,44,311.201712
107.665336,85,311.318839
105.829964,67,311.67651
1300.492115,1000,313.079259
23.181911,22,313.110503
85.556535,75,313.214235
336.129947,298,313.630082
420.082619,351,314.117429
39.912643,24,314.151583
141.554439,142,314.348288
99.082449,72,314.633111
14.104696,16,314.658087
1316.317604,1000,316.057332
1318.824451,1000,317.452165
1282.660848,1000,319.078398
92.952581,79,319.188447
148.491079,99,319.32445
158.680616,125,319.496684
26.681801,40,319.552517
1349.441089,1000,321.159631
234.317343,175,321.403177
198.053088,132,321.586178
380.569175,296,321.997592
1405.43778,1000,323.385974
58.900625,35,323.434032
255.282739,174,323.931523
1400.282049,1000,325.327246
1407.035883,1000,326.721831
44.431451,64,326.999482
317.264742,255,327.35181
1355.464665,1000,328.760527
23.338268,40,328.816275
53.277414,37,328.867748
1292.798167,1000,330.416217
71.987691,40,330.472483
82.593159,59,330.556294
1363.634549,1000,331.949194
243.764543,247,332.294942
59.959095,64,332.385012
56.876692,46,332.449335
53.60404,43,332.508343
94.635528,50,332.577398
205.283565,151,332.78776
61.62554,57,333.058308
191.039398,139,333.25117
291.027834,200,333.526704
310.075445,240,333.857691
143.638778,96,333.992559
18.444203,25,334.027096
1290.867337,1000,335.415568
333.393599,295,335.822808
1373.753276,1000,337.341232
187.154101,109,337.494258
79.059197,81,337.605468
1394.943514,1000,339.159596
115.338882,86,339.277875
786.70183,558,340.050991
1422.720216,1000,341.443729
1385.071739,1000,343.013834
1382.408074,1000,344.413201
108.073043,110,344.574688
419.43165,314,345.190623
1387.551755,1000,346.583246
23.317515,24,346.616272
67.087879,71,346.715123
18.273978,13,346.733774
28.229537,35,346.781944
1399.312408,1000,348.289295
142.033699,118,348.455209
46.982687,49,348.524567
145.392017,147,348.728043
1343.664328,1000,350.130442
234.27778,183,350.384815
107.946811,71,350.485032
26.839881,32,350.530615
27.729061,25,350.565949
216.371257,165,350.796395
1359.763279,1000,352.341694
26.572973,24,352.374929
1358.298858,1000,353.77198
206.491255,176,354.199285
1381.590897,1000,355.63644
125.151407,97,355.774495
304.811526,206,356.061171
1413.026753,1000,357.69556
28.588149,27,357.732682
1394.35556,1000,359.117961
1337.467183,1000,360.781456
17.452174,15,360.802654
1400.146681,1000,362.208318
1346.336751,1000,363.804985
1395.79558,1000,365.209907
1426.664891,1000,366.763469
1416.918268,1000,368.169665
21.615974,46,368.234909
39.59392,32,368.279923
69.011555,67,368.373973
1402.645138,1000,369.931091
250.994993,240,370.260703
158.163132,115,370.419345
1405.910851,1000,371.810203
1389.022265,1000,373.372671
1404.171176,1000,374.783311
135.522516,126,374.958826
1408.857472,1000,376.55579
129.547321,90,376.679641
1334.8499,1000,378.069819
1356.337052,1000,379.670739
131.335165,123,379.840669
1381.818401,1000,381.234246
1334.589208,1000,382.763748
182.37176,169,382.998696
203.265497,164,383.225815
281.347431,205,383.507913
144.955947,127,383.686008
1403.243187,1000,385.340122
178.434068,144,385.544819
1461.431827,1000,386.945179
39.908085,29,386.98726
116.752244,112,387.142241
139.100332,94,387.271497
43.68934,52,387.345776
128.358176,111,387.502906
101.298426,122,387.839093
1371.546751,1000,389.241585
67.090868,41,389.299427
110.18617,88,389.42107
116.639952,105,389.567599
48.674308,38,389.620899
1408.123521,1000,391.263639
1428.887751,1000,392.654668
160.649467,130,392.832868
170.180342,146,393.041414
1396.550393,1000,394.50308
1435.000289,1000,395.901197
103.814531,80,396.010702
18.71735,19,396.037173
8.856836,15,396.058003
111.110487,115,396.214798
421.775467,312,396.843939
1364.122561,1000,398.250436
78.882374,73,398.350687
41.271906,53,398.424694
36.601472,43,398.487728
37.5589,27,398.524748
1382.906436,1000,400.15442
176.749436,123,400.323982
87.353111,67,400.414253
188.166907,147,400.61633
378.750335,326,401.072406
1386.641872,1000,402.452096
1407.295826,1000,403.963477
172.735105,188,404.22356
26.058785,24,404.256786
110.446407,86,404.376712
85.05334,133,404.563013
77.552994,71,404.660948
140.245358,101,404.802079
37.485591,53,404.874948
1441.490247,1000,406.434099
73.12459,44,406.494417
31.291629,17,406.517481
49.467723,47,406.582459
373.380886,278,406.971296
59.110995,60,407.056469
1404.443544,1000,408.452929
82.181423,81,408.567141
1423.68117,1000,410.191009
1425.837757,1000,411.58534
1373.228901,1000,413.097527
97.129819,87,413.218353
17.203324,14,413.237856
1443.447461,1000,414.633373
447.091057,324,415.334311
1412.921677,1000,416.77673
1383.616902,1000,418.358572
441.785812,281,418.747994
1441.429185,1000,420.151839
1408.959919,1000,421.741089
57.804329,46,421.804118
78.814259,53,421.877585
1479.008783,1000,423.266956
213.090443,170,423.504878
1402.399557,1000,425.078891
1434.280933,1000,426.487813
67.287928,82,426.604203
138.996741,110,426.754651
1462.5831,1000,428.265308
95.120075,92,428.391518
1384.395964,1000,429.791627
212.1387,149,429.998258
1428.9996,1000,431.609396
1357.217491,1000,432.992113
1451.773761,1000,434.571227
631.420225,498,435.262926
84.439489,60,435.349829
1451.292749,1000,436.851559
236.04713,198,437.12669
1467.795962,1000,438.506051
1522.588815,1000,440.051798
1373.84994,1000,441.451484
159.447262,117,441.615731
1409.55227,1000,443.169702
223.223486,210,443.469419
169.497578,167,443.700809
1422.716562,1000,445.077318
1498.06939,1000,446.648562
384.174058,364,447.152502
21.416049,31,447.196368
193.881661,171,447.445882
21.417185,20,447.473755
162.588542,120,447.642162
116.641966,125,447.814725
133.942544,102,447.956016
1469.968915,1000,449.472058
5.668457,12,449.489166
11.964286,51,449.561217
1467.43083,1000,450.9551
252.237347,206,451.458434
23.539823,26,451.49572
1474.796653,1000,452.891881
118.581993,99,453.03161
178.25802,147,453.233603
1425.411215,1000,454.765599
255.734367,249,455.108113
190.532604,160,455.329661
220.112583,161,455.557336
56.191558,55,455.633003
1501.893348,1000,457.030297
268.615733,248,457.493117
1458.581561,1000,458.883787
18.078711,31,458.927306
112.006361,79,459.036879
54.770891,61,459.122987
210.19548,183,459.378063
359.752757,279,459.769065
215.668192,169,460.002969
1449.402848,1000,461.54805
346.927309,260,461.91081
269.788055,186,462.158703
1495.829181,1000,463.693799
1396.096713,1000,465.081058
1476.322972,1000,466.713639
304.709681,248,467.057476
1469.411832,1000,468.448878
55.912365,44,468.509542
84.94511,51,468.579838
1483.843703,1000,470.138749
79.836598,52,470.210471
162.8559,144,470.411131
1491.73824,1000,471.80915
43.069564,37,471.861223
48.517148,52,471.932005
38.128951,46,471.994886
299.057858,254,472.504186
129.498503,93,472.632625
1528.248869,1000,474.040825
103.689576,71,474.139107
114.012132,89,474.261573
1454.93955,1000,475.833808
39.290345,38,475.88676
31.398597,22,475.91893
736.169656,540,476.666102
1395.431795,1000,478.067625
183.279892,173,478.305314
1454.277497,1000,479.848132
74.736545,60,479.930651
61.769107,51,480.00039
234.120606,247,480.342304
397.359069,351,480.826827
94.191874,57,480.906066
1532.437993,1000,482.434971
1502.70812,1000,483.827151
1525.6267,1000,485.353455
153.221837,118,485.517252
302.295576,269,485.893563
1569.247945,1000,487.287522
135.473409,84,487.552025
1500.452197,1000,488.944949
1494.634051,1000,490.433517
277.119106,238,490.76189
52.122201,47,490.826223
49.132562,30,490.866951
123.979342,90,490.992776
1490.294912,1000,492.388501
55.057165,71,492.486146
295.613829,205,492.765818
64.455721,67,492.858255
124.477061,105,493.002884
149.011075,99,493.139344
1527.87424,1000,494.669521
1497.882249,1000,496.064416
1539.5845,1000,497.611875
542.407999,399,498.168022
46.946788,72,498.267683
1448.744127,1000,499.922115
1495.90342,1000,501.32011
162.008264,114,501.47733
286.566568,237,501.804033
53.183812,47,501.868969
1514.033821,1000,503.436252
1559.349627,1000,504.858194
1504.880681,1000,506.433454
297.509427,270,506.840909
1548.402015,1000,508.290375
156.070321,116,508.457585
149.418114,121,508.821013
1532.692312,1000,510.258702
1466.315016,1000,511.852236
1485.032438,1000,513.300692
1543.633302,1000,514.71103
1533.004174,1000,516.297232
1484.070294,1000,517.702733
1521.361285,1000,519.244408
1447.1906,1000,520.653788
71.439218,60,520.736988
155.859882,135,521.110982
33.876473,37,521.16374
41.685849,35,521.2134
72.347897,49,521.283298
1596.666964,1000,522.707832
45.459209,51,522.783564
62.420652,52,522.855038
1526.645967,1000,524.41293
281.159713,213,524.717827
321.058817,232,525.048824
1490.246794,1000,526.46666
296.186152,246,526.806043
1510.638876,1000,528.435805
1504.556342,1000,529.863564
140.185973,112,530.020338
129.232448,60,530.208756
1524.597222,1000,531.62501
40.43123,38,531.679788
21.47507,17,531.703355
1521.186619,1000,533.328734
1538.529001,1000,534.755039
142.162646,96,534.891986
242.317919,180,535.148653
223.132705,155,535.3638
1546.103844,1000,536.965692
180.434378,118,537.136245
1519.145948,1000,538.560079
1559.056097,1000,540.094541
499.479543,362,540.606873
107.671196,72,540.71095
38.647779,39,540.765611
80.425594,69,540.863235
177.110717,132,541.047591
109.018127,70,541.14284
22.152307,21,541.171691
28.601949,16,541.193347
192.726355,123,541.362561
86.446064,53,541.435776
77.650784,59,541.518816
1594.818695,1000,543.101199
2.217029,12,543.11804
124.689905,116,543.280838
1583.536555,1000,544.68079
112.397518,108,544.831482
1424.235278,1000,546.53852
145.048568,137,546.731059
309.801131,246,547.072167
1560.494816,1000,548.464755
113.971491,100,548.809941
75.842766,51,548.882521
19.730059,20,548.911784
320.469508,217,549.227499
182.734006,122,549.404213
1506.155468,1000,550.813676
1541.633453,1000,552.388282
1548.406658,1000,553.775495
165.501217,122,553.94459
1566.331968,1000,555.540497
52.541076,79,555.656121
162.25627,100,555.802515
1274.569501,1000,557.205155
1573.337702,1000,558.7295
234.318461,190,558.998472
1529.056805,1000,560.420587
1544.219332,1000,562.037248
127.569931,115,562.198517
33.681938,23,562.232051
501.009446,429,562.835075
1600.190963,1000,564.431042
1536.937275,1000,565.959406
1504.332708,1000,567.505012
156.379743,130,567.688727
1552.78979,1000,569.105027
155.150001,104,569.258976
75.429211,45,569.32369
48.578467,49,569.393677
1507.457406,1000,570.950666
253.764151,220,571.251154
29.18046,34,571.298653
173.539093,106,571.443964
1527.886358,1000,572.813683
822.722092,676,574.006693
1425.205095,1000,575.386813
53.051402,63,575.473232
142.930719,111,575.628357
496.374554,338,576.09185
72.55819,64,576.299628
1571.081177,1000,577.686958
288.557938,200,577.965199
88.243046,61,578.049166
153.814691,108,578.196909
781.32215,564,578.975671
367.300451,302,579.57358
1575.360588,1000,580.955366
1530.649977,1000,582.568026
1549.647289,1000,583.957772
169.016176,112,584.115384
378.312021,310,584.546795
408.346641,248,584.885033
52.25366,53,584.957858
433.780427,347,585.586689
265.957279,198,585.860692
135.085348,98,585.995537
449.643565,281,586.384499
1592.897893,1000,587.7715
279.472823,224,588.079123
93.532604,72,588.302432
791.550514,593,589.119684
102.100725,75,589.22201
1579.811262,1000,590.605304
1503.527581,1000,592.209471
1560.788039,1000,593.596346
374.563903,260,593.951541
195.659776,135,594.136055
302.695159,221,594.588939
101.467705,74,594.691217
1630.792584,1000,596.1018
1611.431003,1000,597.620996
1563.756897,1000,599.016135
1507.018737,1000,600.535301
137.473013,90,600.658918
254.213415,220,600.964606
42.481352,29,601.005328
1450.459243,1000,602.388265
1473.401375,1000,603.984452
1441.569577,1000,605.377774
1583.424296,1000,607.014352
244.377828,199,607.291428
151.663766,113,607.448602
1605.063497,1000,608.835605
1543.010403,1000,610.348282
1631.949774,1000,611.732873
183.552462,140,611.926899
522.145078,367,612.55084
397.662501,283,612.947211
1505.53562,1000,614.336888
421.270475,360,614.839478
160.192155,116,615.000355
665.376044,460,615.792902
1616.758161,1000,617.186884
1592.270285,1000,618.71811
460.79026,307,619.14816
1545.534342,1000,620.536248
1540.755712,1000,622.075721
76.970188,58,622.15508
37.379076,28,622.193363
61.568878,48,622.261343
1586.762103,1000,623.662868
469.174747,348,624.142307
1503.169728,1000,625.688404
119.976762,85,625.804475
1633.275493,1000,627.191669
1544.570142,1000,628.743679
1577.581145,1000,630.137512
25.186235,23,630.170016
232.610869,133,630.505514
195.513997,124,630.675067
1588.99097,1000,632.063811
1478.199605,1000,633.53655
1606.148007,1000,634.91423
1656.154333,1000,636.435391
30.433045,22,636.466968
1697.799488,1000,637.860486
13.664161,12,637.877086
137.834862,112,638.036076
454.558665,365,638.542069
1573.730781,1000,640.093927
371.682578,249,640.444772
138.931574,92,640.572737
1619.943725,1000,641.972888
430.438533,330,642.553074
58.662479,52,642.625665
245.648349,216,642.928643
183.781484,113,643.084021
44.514694,43,643.14347
1482.74027,1000,644.530729
1526.492,1000,646.114984
48.747406,54,646.189441
120.404518,100,646.329878
1566.156898,1000,647.730595
1636.16827,1000,649.316389
35.509387,37,649.36989
1651.979981,1000,650.764232
96.380174,68,650.857079
407.150956,292,651.400815
141.176391,103,651.546956
81.639578,69,651.641981
1627.248196,1000,653.037952
810.641118,570,653.827353
395.394911,262,654.356624
1669.298436,1000,655.754195
36.250964,27,655.791633
256.740938,175,656.033755
344.273783,237,656.362983
58.964808,47,656.427618
342.94767,213,656.723371
55.982169,31,656.765367
240.685475,192,657.049533
29.463492,30,657.09122
140.338732,98,657.303951
194.60199,136,657.49824
38.719775,19,657.525649
1607.645772,1000,658.912303
356.305296,232,659.232954
78.831048,97,659.365849
1629.253569,1000,660.929561
266.22781,160,661.14397
1672.816011,1000,662.530493
349.264938,230,662.844744
1447.539962,1000,664.381707
188.705985,130,664.561337
163.83849,106,664.707326
52.235179,48,664.773441
198.22979,143,664.97443
1633.746582,1000,666.551059
30.655066,30,666.592997
1674.829987,1000,667.980671
1624.152499,1000,669.572746
166.889614,126,669.745805
224.848364,151,669.953639
14.371365,14,669.973393
253.067528,128,670.149222
106.256295,66,670.239503
1628.423859,1000,671.623113
1674.960153,1000,673.139073
1675.592336,1000,674.529736
1657.171475,1000,676.12614
1690.482752,1000,677.511558
1685.395467,1000,679.03288
306.55639,223,679.339251
729.373141,443,679.951905
290.518945,162,680.176639
37.687452,20,680.203561
201.488168,132,680.385872
187.971709,136,680.573136
1668.162636,1000,682.116396
1715.324958,1000,683.504474
736.165171,486,684.175516
351.28152,221,684.687471
1525.210964,1000,686.088157
166.220655,115,686.247291
62.846127,46,686.310857
137.611471,115,686.469904
173.217708,100,686.607049
67.23686,49,686.673846
70.746972,47,686.738246
1656.25409,1000,688.283445
1652.714723,1000,689.662934
1603.258699,1000,691.138514
214.889961,148,691.343548
1555.861028,1000,692.749115
1663.453019,1000,694.244794
1646.18824,1000,695.630369
282.282109,239,695.963331
1593.948832,1000,697.493053
128.152956,108,697.641708
779.358098,491,698.316112
5.651575,12,698.332585
1623.700958,1000,699.830203
1657.844132,1000,701.213316
1645.949483,1000,702.853682
1667.131654,1000,704.252201
186.453581,134,704.436061
1703.977917,1000,705.993072
1517.321428,1000,707.367547
1689.472166,1000,708.868663
174.362978,125,709.039929
1625.774133,1000,710.424409
1713.074086,1000,711.960717
131.998496,66,712.054719
175.004547,122,712.221841
1640.648466,1000,713.613786
166.112079,126,713.787456
92.684874,70,713.882917
1672.038579,1000,715.496249
1667.149688,1000,716.89989
1705.257155,1000,718.512178
188.523629,127,718.688272
56.003469,39,718.741905
1687.327766,1000,720.125977
216.220831,138,720.470052
782.763295,483,721.13866
52.962857,49,721.205413
54.010761,40,721.258982
1688.419058,1000,722.642849
1655.928001,1000,724.171978
1717.268134,1000,725.560214
140.275645,97,725.696646
29.656151,21,725.725687
1684.677188,1000,727.300535
1578.215631,1000,728.691943
298.354561,204,728.972165
1701.541355,1000,730.562078
1689.752484,1000,731.95035
191.506383,128,732.127486
73.770823,51,732.200099
25.557796,18,732.225791
56.170647,41,732.284466
1709.777383,1000,733.833229
516.531891,327,734.289425
25.7967,22,734.319718
1698.704004,1000,735.855584
438.056019,281,736.245955
1646.722047,1000,737.637726
1657.944353,1000,739.181373
764.194645,574,739.976713
369.660706,267,740.353647
107.33821,71,740.450735
1674.194924,1000,742.032402
195.305647,144,742.232011
1734.493634,1000,743.619394
175.748184,117,743.781906
103.932399,65,743.869786
1587.216052,1000,745.526214
608.162462,397,746.073107
1703.745084,1000,747.739232
76.560761,68,747.834035
1696.060923,1000,749.223062
264.868724,154,749.437433
1480.543851,1000,750.938203
1726.849848,1000,752.333892
1684.572785,1000,753.937622
1667.744104,1000,755.331021
125.99508,93,755.459328
358.858999,209,755.748041
1655.369463,1000,757.320124
228.199868,149,757.52828
1741.404227,1000,758.913673
1736.598377,1000,760.486146
423.027823,292,760.892986
638.280621,462,761.528051
1732.819227,1000,763.069094
24.855893,13,763.086807
38.726671,30,763.127698
1718.606166,1000,764.519805
135.030961,61,764.605835
1688.094442,1000,766.144199
299.611994,208,766.433689
1687.76373,1000,767.818467
1735.293519,1000,769.401515
496.509228,277,769.784749
254.664078,201,770.067275
13.122429,12,770.083569
1702.570204,1000,771.471446
370.261927,232,771.949937
821.645248,542,772.712775
1751.663268,1000,774.125518
133.424279,89,774.250315
1719.73421,1000,775.826413
103.197188,59,775.908914
214.500305,133,776.118691
1729.803481,1000,777.539387
168.121555,104,777.685607
265.961107,173,778.130712
1674.168751,1000,779.53887
158.888457,95,779.670931
1743.083884,1000,781.201415
338.047083,209,781.494928
1726.009685,1000,782.903315
1732.645042,1000,784.47065
164.603398,130,784.65309
1734.249858,1000,786.054857
1731.806008,1000,787.662426
196.612026,135,787.854023
1632.451294,1000,789.26224
117.843068,106,789.40983
1735.146559,1000,791.036035
1803.121895,1000,792.417736
1659.888367,1000,793.958795
1722.3316,1000,795.342006
1658.403447,1000,796.862943
1760.730395,1000,798.242895
201.315093,99,798.379779
322.827493,183,798.633626
208.460038,127,798.811195
385.716353,254,799.288588
1783.058705,1000,800.671258
429.134697,211,800.965856
1771.695565,1000,802.539474
1773.293019,1000,803.915055
787.131847,529,804.643511
1798.437091,1000,806.186898
1730.084781,1000,807.573242
1753.449142,1000,809.111322
1779.139481,1000,810.500001
1766.569093,1000,812.183892
1766.103715,1000,813.580872
1787.094743,1000,815.090843
213.318974,112,815.246908
1788.286483,1000,816.635648
890.05653,556,817.570598
1768.209457,1000,818.954167
1802.519366,1000,820.585104
67.230571,32,820.628778
402.086443,244,820.964878
579.961327,315,821.401406
1666.793191,1000,822.784747
485.434407,335,823.424174
1659.51851,1000,824.822457
1754.889329,1000,826.417619
145.620051,96,826.55334
1789.05999,1000,827.953319
1774.745844,1000,829.534244
223.854829,140,829.73344
1729.453372,1000,831.13029
1839.970587,1000,832.644715
1811.201804,1000,834.034653
164.684557,107,834.182967
1688.728519,1000,835.728313
539.283369,381,836.254891
1819.149837,1000,837.65248
60.434444,49,837.721017
1420.125163,974,839.176113
102.020212,60,839.26093
1755.769005,1000,840.660765
51.603619,28,840.699297
1199.912334,818,841.952489
1825.347757,1000,843.341309
1528.743882,1000,844.806437
54.447989,29,844.847363
160.068405,108,844.995957
371.3319,233,845.322068
60.009365,45,845.385559
1245.455345,726,846.389593
67.439727,48,846.457752
366.627549,229,846.775303
1818.25518,1000,848.410159
1832.174373,1000,849.810056
1682.828156,1000,851.364111
83.850422,68,851.462842
1747.437841,1000,852.857194
47.254407,37,852.908473
30.585688,19,852.934738
1712.792562,1000,854.504269
550.947723,338,854.973793
1800.608525,1000,856.47396
400.12463,250,856.818261
53.330727,29,856.858789
1816.612298,1000,858.254441
1817.366455,1000,859.838043
164.874366,114,860.004601
1767.756743,1000,861.424311
1759.976594,1000,863.039623
1812.031748,1000,864.471833
392.442079,236,864.803265
197.010129,104,864.970296
1851.110654,1000,866.844766
1776.835628,1000,868.278427
1749.882347,1000,869.886572
160.499909,91,870.019101
64.318368,44,870.082708
1617.792891,1000,871.477124
293.861285,186,871.746949
1742.853444,1000,873.371443
407.916888,245,873.722093
1774.395454,1000,875.29864
155.698087,107,875.450454
1758.687062,1000,876.871744
92.890816,56,876.947637
1773.707089,1000,878.517092
1764.053058,1000,879.919226
1818.825325,1000,881.703389
1815.863888,1000,883.111601
363.76631,226,883.42803
1812.445813,1000,884.992949
677.341064,482,885.679096
117.503098,78,885.792686
249.807023,154,886.015317
1814.669477,1000,887.42242
1851.680978,1000,888.982224
1800.31792,1000,890.420754
1771.772355,1000,892.018438
1803.508454,1000,893.417735
1788.956134,1000,895.09455
1773.494246,1000,896.570001
1869.203047,1000,898.236363
1701.215672,1000,899.648865
45.184744,30,899.690851
1868.734027,1000,901.283823
1900.006125,1000,902.693722
1610.095829,1000,904.348658
1881.192768,1000,905.733404
69.598035,58,905.814398
309.249724,179,906.066265
263.869989,163,906.447303
1653.576139,1000,907.863086
1829.403192,1000,909.477603
341.611408,222,909.791759
54.443582,36,909.843776
27.867149,17,909.86767
147.100235,82,909.983213
126.409822,80,910.102969
1865.955306,1000,911.517405
1847.480268,1000,913.098066
1684.800058,1000,914.481343
1850.648992,1000,916.080164
1881.083891,1000,917.581005
1615.411802,1000,919.256096
1816.433507,1000,920.68798
1905.902123,1000,922.30585
1855.074562,1000,923.703924
1804.517365,1000,925.455564
668.083968,433,926.074265
1808.602697,1000,927.482018
1839.658119,1000,929.010835
1761.833741,1000,930.423239
1850.792163,1000,932.029656
1855.45433,1000,933.432431
1894.850367,1000,934.973192
259.0774,162,935.200957
1633.662145,1000,936.603124
1903.706254,1000,938.242522
1808.513412,1000,939.65148
1861.98577,1000,941.163244
175.753032,115,941.320307
1873.625754,1000,942.695517
581.073064,356,943.323525
1869.841793,1000,944.691554
1839.011867,1000,946.270436
1777.717083,1000,947.646521
63.19685,49,947.712853
488.879234,296,948.11655
1834.410141,1000,949.646035
1837.962208,1000,951.03064
109.954028,66,951.121188
1915.280182,1000,952.687802
1790.041856,1000,954.063057
1792.347017,1000,955.626522
1894.578987,1000,957.049354
177.59345,103,957.190033
1909.545985,1000,958.742348
350.851215,185,958.996516
163.953053,101,959.135601
1910.397423,1000,960.51932
1921.185841,1000,962.144473
1846.403914,1000,963.534189
1930.168987,1000,965.164202
1911.655337,1000,966.552435
39.21439,21,966.582572
1899.133381,1000,968.14064
1947.991059,1000,969.52627
1875.853997,1000,971.083369
470.455668,263,971.445076
1901.656061,1000,972.835138
1846.354527,1000,974.462925
1927.93251,1000,975.854439
1867.185896,1000,977.530935
1954.431057,1000,978.914587
924.997873,532,979.874855
1946.235837,1000,981.248098
1965.612891,1000,982.831394
195.466047,106,982.976678
1854.492688,1000,984.36902
1821.843509,1000,985.959532
32.347796,17,985.983162
1954.370941,1000,987.37748
1963.737387,1000,988.98797
1875.816015,1000,990.346938
1782.360297,1000,991.819016
1938.747013,1000,993.205476
1979.817886,1000,994.585433
184.107176,119,994.889219
1951.52313,1000,996.276489
1967.407192,1000,997.869042
1962.606543,1000,999.259542
25.829842,24,999.293164
1946.206357,1000,1000.807005
957.196855,593,1001.626314
1934.496734,1000,1003.018768
1983.559702,1000,1004.666769
1945.662406,1000,1006.072925
73.690806,32,1006.116932
1923.274611,1000,1007.653611
420.173025,260,1008.013567
1973.629809,1000,1009.392771
29.690288,21,1009.422242
132.695712,68,1009.515393
101.519426,55,1009.592634
131.365437,72,1009.695607
1916.605311,1000,1011.258759
1895.751572,1000,1012.672855
1690.331574,1000,1014.244096
1957.846838,1000,1015.648892
1967.007221,1000,1017.212822
187.507643,90,1017.335643
119.105094,63,1017.422605
1964.618616,1000,1018.810566
1991.944702,1000,1020.433614
2007.36955,1000,1021.825644
1951.431909,1000,1023.395311
1945.806989,1000,1024.784484
1984.88715,1000,1026.422605
243.322261,134,1026.611917
2038.221065,1000,1028.004385
281.262192,155,1028.534655
1886.109141,1000,1029.924997
706.367314,381,1030.447561
1976.983316,1000,1032.089408
103.894692,70,1032.185773
136.991562,61,1032.270355
2011.055433,1000,1033.664345
1956.01895,1000,1035.219917
1980.104134,1000,1036.618177
1975.713768,1000,1038.32009
1978.34824,1000,1039.709473
2012.84565,1000,1041.376881
199.074841,105,1041.522592
2003.013639,1000,1042.907924
1957.268813,1000,1044.581135
562.984984,288,1044.979541
1996.557378,1000,1046.368583
1882.895151,1000,1047.925566
28.939055,17,1047.949342
1978.617308,1000,1049.355709
18.019479,12,1049.373738
528.436579,290,1049.929236
557.954074,312,1050.361172
1962.285337,1000,1051.743468
1978.468023,1000,1053.326045
328.191295,172,1053.57364
1991.460935,1000,1054.958937
681.625231,405,1055.524895
1911.297044,1000,1057.100119
1997.788078,1000,1058.494812
221.985715,128,1058.671424
62.086031,42,1058.730151
429.823733,220,1059.280214
1997.527736,1000,1060.678525
2036.449052,1000,1062.306542
1940.153376,1000,1063.705694
1996.907885,1000,1065.322189
2065.231394,1000,1066.730345
105.547019,59,1066.810254
1984.656519,1000,1068.350935
201.925523,104,1068.494406
676.410967,356,1068.985609
1936.80956,1000,1070.372022
69.152066,34,1070.419065
2040.404958,1000,1071.997665
92.298114,64,1072.086062
2031.998091,1000,1073.469402
2012.626008,1000,1075.095071
2049.169243,1000,1076.51964
1998.15843,1000,1078.098446
1977.709494,1000,1079.503218
2056.779195,1000,1081.118285
237.780251,122,1081.287454
2006.158589,1000,1082.684427
2018.141268,1000,1084.296523
2025.827831,1000,1085.672538
2063.168003,1000,1087.319851
69.079045,46,1087.383075
2037.324756,1000,1088.784003
2033.470208,1000,1090.382237
391.364978,201,1090.66064
2064.195786,1000,1092.049905
1971.745453,1000,1093.624504
1927.525972,1000,1095.008317
2096.404809,1000,1096.627987
2031.250128,1000,1098.025257
197.335201,101,1098.163859
17.335763,18,1098.188417
913.808712,450,1099.13561
1995.001191,1000,1100.527015
1909.817452,1000,1102.067582
2040.064795,1000,1103.455785
2008.177522,1000,1104.842596
2049.53544,1000,1106.437074
2017.611282,1000,1107.816748
2100.25131,1000,1109.377741
2040.100326,1000,1110.772115
2074.438843,1000,1112.32239
2071.235957,1000,1113.710357
2018.526823,1000,1115.326021
2076.585426,1000,1116.722333
244.403246,131,1116.905896
2042.685563,1000,1118.626678
2076.185059,1000,1120.023672
198.283259,96,1120.159227
2118.715097,1000,1121.794386
2016.237868,1000,1123.189955
113.272687,65,1123.280142
598.549174,321,1123.895132
2105.132921,1000,1125.287519
357.48056,195,1125.55535
2097.573937,1000,1127.086493
1961.110826,1000,1128.463856
2070.275563,1000,1130.005721
2069.965788,1000,1131.391359
282.665372,120,1131.559166
2060.247955,1000,1133.115512
2053.067595,1000,1134.521112
929.429541,430,1135.121247
2025.342998,1000,1136.846942
2087.361295,1000,1138.228894
87.109504,39,1138.28391
2066.084166,1000,1139.94942
1992.282827,1000,1141.345009
177.841607,101,1141.485494
2056.741428,1000,1143.045157
2078.019772,1000,1144.434663
2106.629622,1000,1146.069014
2120.393601,1000,1147.456282
58.960051,34,1147.502583
2036.877345,1000,1149.016469
2052.662018,1000,1150.394234
2050.160617,1000,1152.056369
97.38035,45,1152.118588
2104.32368,1000,1153.49859
2051.967767,1000,1155.155529
41.251967,19,1155.182338
464.638755,219,1155.484017
638.046007,330,1155.936346
2086.979697,1000,1157.483359
205.098616,91,1157.607812
2123.109206,1000,1158.990042
1985.681804,1000,1160.675368
2112.492108,1000,1162.057771
2182.66344,1000,1163.685943
2129.95236,1000,1165.080573
2094.42218,1000,1166.752438
229.272696,109,1166.906361
2125.293314,1000,1168.300924
633.584395,281,1168.695402
2160.425405,1000,1170.35623
317.126255,141,1170.549823
2128.784907,1000,1171.928958
2125.42708,1000,1173.51218
2146.12272,1000,1174.891051
39.9918,18,1174.915502
2106.779979,1000,1176.439313
56.992199,32,1176.483505
2085.272931,1000,1177.860014
2159.511145,1000,1179.404667
2093.977191,1000,1180.795638
2130.368157,1000,1182.406024
2116.185792,1000,1183.793144
2108.353249,1000,1185.466568
2157.701096,1000,1186.850616
2077.877643,1000,1188.492401
11.689788,14,1188.511675
2143.495414,1000,1189.900363
333.291495,162,1190.125003
2128.387553,1000,1191.74773
204.748011,81,1191.860629
2140.627009,1000,1193.240099
2146.418146,1000,1194.862085
95.04018,47,1194.927974
2115.946259,1000,1196.326922
2126.248665,1000,1197.960085
2218.940969,1000,1199.34875
461.067977,241,1199.680279
124.568547,60,1199.764303
2116.78013,1000,1201.39673
620.308517,288,1201.792789
2128.278997,1000,1203.405149
2123.341241,1000,1204.796597
2222.648901,1000,1206.462668
2148.16504,1000,1207.85499
844.266096,401,1208.413646
234.159025,117,1208.575733
2178.437477,1000,1210.124348
2178.566174,1000,1211.511925
2063.28743,1000,1213.182354
931.854996,477,1213.845102
328.909069,165,1214.07547
2146.22544,1000,1215.755454
258.894323,134,1215.939144
2204.090949,1000,1217.321409
2142.100757,1000,1218.875308
164.598308,81,1218.986444
220.58689,105,1219.143566
2110.314257,1000,1220.528355
2058.552711,1000,1222.102719
2144.191731,1000,1223.48697
2158.512536,1000,1225.085143
2074.369057,1000,1226.468179
2165.135641,1000,1228.14155
114.960587,59,1228.223396
2179.630524,1000,1229.61077
2164.062548,1000,1231.179442
2175.723976,1000,1232.560239
440.429223,199,1232.833866
377.327824,166,1233.063862
2227.986554,1000,1234.612715
2136.754577,1000,1235.990182
2093.771228,1000,1237.56652
2106.607172,1000,1238.945321
101.250234,50,1239.015633
2067.600204,1000,1240.543476
2068.871812,1000,1241.931923
2162.816879,1000,1243.488026
1143.985917,577,1244.28074
67.961236,33,1244.326321
615.916423,309,1244.753735
2132.170404,1000,1246.371756
912.146332,439,1246.977521
2163.540973,1000,1248.366215
2047.627396,1000,1250.135323
2072.042301,1000,1251.522874
2137.182362,1000,1253.082003
914.829068,454,1253.713221
74.003035,33,1253.758816
2119.394019,1000,1255.350779
208.782792,108,1255.513457
2149.059049,1000,1256.912599
137.920124,77,1257.032192
507.06618,245,1257.372375
2149.596413,1000,1258.919511
2212.418255,1000,1260.304857
2029.174955,1000,1261.876614
2157.004391,1000,1263.269109
2104.268924,1000,1264.958943
2170.304063,1000,1266.351679
2145.244194,1000,1268.078391
2080.657799,1000,1269.467926
2200.386277,1000,1271.025604
2185.306386,1000,1272.404247
2190.638729,1000,1273.9535
666.354853,309,1274.378543
1181.208331,559,1275.148338
2181.432567,1000,1276.771965
299.18494,136,1276.958915
2161.616431,1000,1278.334182
2218.121666,1000,1279.929718
2171.59136,1000,1281.30351
2246.046781,1000,1282.875687
513.129579,260,1283.235417
698.906876,335,1283.707603
2228.94122,1000,1285.095893
2243.295827,1000,1286.681728
2163.360154,1000,1288.075799
253.277314,108,1288.224121
897.319593,402,1289.09656
2182.921385,1000,1290.47669
2126.871311,1000,1292.239724
2204.320612,1000,1293.620929
2249.617321,1000,1295.332315
2146.323401,1000,1296.723495
2158.269467,1000,1298.386074
2218.911074,1000,1299.765419
2200.00251,1000,1301.143642
606.487352,281,1301.789022
2205.188273,1000,1303.179974
2099.182623,1000,1304.830332
2188.68899,1000,1306.210552
2115.639728,1000,1307.792679
701.252815,334,1308.257662
2199.65261,1000,1309.653564
2223.988516,1000,1311.379348
2180.002085,1000,1312.776454
2118.336729,1000,1314.37033
557.743384,267,1314.741156
2172.0907,1000,1316.1481
499.926786,242,1316.479521
128.942805,63,1316.566129
2156.998694,1000,1318.112496
2196.040672,1000,1319.492173
2053.535175,1000,1321.196276
2235.392492,1000,1322.573454
2226.807721,1000,1324.098894
781.141203,351,1324.584907
543.250321,249,1324.927832
2200.264385,1000,1326.64483
397.088697,196,1326.915071
302.74923,133,1327.10089
324.368598,147,1327.304277
1575.34517,724,1328.31249
231.816644,99,1328.449342
2117.737667,1000,1330.086117
2256.678572,1000,1331.466596
2227.207622,1000,1333.132016
82.015624,37,1333.182713
54.816554,24,1333.215612
279.617916,145,1333.416311
2279.307836,1000,1334.802399
2259.928018,1000,1336.350796
2182.546816,1000,1337.737061
2201.762515,1000,1339.35398
164.531544,80,1339.465324
2183.187096,1000,1340.84701
1518.657349,709,1342.107642
55.998993,34,1342.154111
2255.123282,1000,1343.535893
2252.562072,1000,1345.083275
578.696439,274,1345.462244
2205.956302,1000,1346.844086
2156.317614,1000,1348.415468
482.652891,229,1348.738733
721.608059,343,1349.223061
615.744716,275,1349.59953
798.163503,388,1350.13642
2245.05493,1000,1351.757601
2254.213971,1000,1353.140212
774.041634,388,1353.959656
2155.933168,1000,1355.3396
2229.63869,1000,1356.986599
2064.040556,1000,1358.358044
2238.259678,1000,1359.95281
2177.403484,1000,1361.395821
2222.294689,1000,1363.134708
2267.416711,1000,1364.558317
2232.556179,1000,1365.995892
2256.389099,1000,1367.640718
2244.758866,1000,1369.064233
2267.790504,1000,1370.820549
122.460995,67,1370.914938
311.500418,144,1371.120626
1230.888301,539,1371.859445
2217.971693,1000,1373.533724
2211.414398,1000,1374.93953
2260.641637,1000,1376.643056
2231.82743,1000,1378.062173
1063.253468,489,1379.141957
2234.29278,1000,1380.532454
2277.595244,1000,1381.915863
1099.212534,507,1382.840175
2068.672654,981,1384.230235
745.989917,351,1384.706028
2308.593929,1000,1386.311227
2230.316355,1000,1387.744625
2260.457565,1000,1389.424798
2278.31474,1000,1390.81129
892.004289,400,1391.652129
2242.841664,1000,1393.046878
1664.029708,753,1394.073931
2166.094458,1000,1395.665058
2132.394545,1000,1397.045747
385.663245,176,1397.284642
2272.517144,1000,1398.984246
2223.597414,1000,1400.376577
174.181562,75,1400.482339
2293.670494,1000,1402.247955
2278.53513,1000,1403.644958
2264.563938,1000,1405.242913
2231.715553,1000,1406.621154
831.482417,369,1407.503694
2272.054391,1000,1408.899959
2237.233386,1000,1410.523805
2276.645065,1000,1411.918554
2206.84115,1000,1413.476904
2339.86619,1000,1414.857767
2199.300604,1000,1416.531609
2340.416244,1000,1417.927636
2253.35978,1000,1419.624931
2233.291352,1000,1421.010066
2222.020074,1000,1422.406024
148.718436,66,1422.822499
2292.032054,1000,1424.21313
2280.441787,1000,1425.621014
441.090026,197,1426.110645
2268.128832,1000,1427.509806
2305.200853,1000,1429.147674
2335.776718,1000,1430.505744
1050.863566,469,1431.140854
2230.280901,1000,1432.826182
2287.313202,1000,1434.196911
2255.690267,1000,1435.855923
2267.330269,1000,1437.222934
2312.14463,1000,1438.917204
2266.029858,1000,1440.295167
1317.464542,607,1441.388325
2322.990877,1000,1442.76284
2338.623049,1000,1444.13027
2318.93324,1000,1445.717411
254.710641,106,1445.863986
2265.617559,1000,1447.378485
2313.430681,1000,1448.758401
2159.682051,1000,1450.129012
2300.734991,1000,1451.761652
1699.659422,791,1452.860204
2277.252656,1000,1454.529374
2220.252698,1000,1455.911545
2231.275675,1000,1457.752685
2295.273542,1000,1459.132555
2233.964203,1000,1460.656028
2232.161027,1000,1462.036413
2016.53006,1000,1463.567954
2350.747488,1000,1464.955128
2146.751313,1000,1466.638998
2312.270432,1000,1468.024159
2206.1297,1000,1469.622831
872.209556,409,1470.189985
2279.161966,1000,1471.557863
2313.314186,1000,1473.247662
2286.563427,1000,1474.632443
2333.188039,1000,1476.252511
2180.632783,1000,1477.625248
2274.976265,1000,1479.214619
140.974124,66,1479.306504
2275.506849,1000,1480.682554
2352.722038,1000,1482.4139
2317.204066,1000,1483.793114
2330.114239,1000,1485.451945
1429.236717,652,1486.350282
2287.628264,1000,1488.002442
2325.231165,1000,1489.385236
2258.51219,1000,1490.978493
2267.508096,1000,1492.34827
2365.552011,1000,1494.00368
2115.098411,1000,1495.386827
2328.41082,1000,1497.220475
2340.00733,1000,1498.602366
522.716286,206,1498.881586
2294.312059,1000,1500.464891
2348.989397,1000,1501.854326
2309.588464,1000,1503.473843
2367.082985,1000,1504.860085
200.802756,98,1504.997326
448.219327,198,1505.27183
2249.706286,1000,1507.06027
683.297843,299,1507.472458
2403.36762,1000,1508.848761
2407.400248,1000,1510.567545
2308.702514,1000,1511.945752
633.639875,283,1512.676809
2367.379161,1000,1514.077586
2371.205822,1000,1515.470465
2339.899144,1000,1517.053958
883.126011,386,1517.582645
2376.787441,1000,1519.179273
2325.899928,1000,1520.563712
2335.477851,1000,1522.123222
2373.629151,1000,1523.512407
2355.284067,1000,1525.154648
2325.731736,1000,1526.541763
2342.148122,1000,1528.260411
364.427048,170,1528.496187
392.668247,161,1528.717485
2276.588529,1000,1530.105067
208.585424,86,1530.223363
2391.524774,1000,1531.894089
2305.036077,1000,1533.277128
67.191916,28,1533.315597
2398.758816,1000,1535.107118
2323.473459,1000,1536.510501
2376.371408,1000,1538.109462
2399.321453,1000,1539.504742
950.613355,406,1540.064143
552.615106,241,1540.636709
2417.352409,1000,1542.007758
2397.830079,1000,1543.68498
306.845891,135,1543.87295
490.851629,210,1544.163074
2359.142077,1000,1545.548193
2352.1523,1000,1547.157289
2314.92931,1000,1548.533049
475.283345,206,1548.814505
596.476346,262,1549.177766
2340.786498,1000,1550.825985
2375.769773,1000,1552.201751
2332.693926,1000,1553.930359
2339.486834,1000,1555.325181
2386.000169,1000,1557.046845
2335.186711,1000,1558.43433
2396.706408,1000,1560.049284
2394.118739,1000,1561.440367
2398.595115,1000,1563.2186
2352.937809,1000,1564.605962
2384.38019,1000,1566.42274
171.587152,68,1566.51678
2360.555844,1000,1567.904435
2369.129313,1000,1569.552165
2400.756349,1000,1570.939214
2376.922919,1000,1572.678547
2398.290438,1000,1574.067948
2411.999296,1000,1575.740764
2395.657688,1000,1577.128456
2241.223781,1000,1578.909823
2293.323313,1000,1580.296719
134.949086,60,1580.382344
2376.810125,1000,1582.103614
2338.27172,1000,1583.484481
2418.540406,1000,1585.221954
2399.814316,1000,1586.604491
2407.471243,1000,1588.400753
2356.642338,1000,1589.788275
2370.324507,1000,1591.541366
2423.286949,1000,1592.92432
2346.284107,1000,1594.662802
2406.732976,1000,1596.047476
2207.124114,1000,1597.741724
2391.717933,1000,1599.133766
2449.662341,1000,1600.78085
902.619633,398,1601.336383
2314.956807,1000,1602.721845
2393.64663,1000,1604.350417
2420.295995,1000,1605.72582
2391.055196,1000,1607.312495
2437.413079,1000,1608.685016
2389.587251,1000,1610.518179
2406.296613,1000,1611.894963
125.202358,55,1611.972311
2455.598079,1000,1613.553389
1414.65135,610,1614.393883
2426.497079,1000,1615.797249
2466.508053,1000,1617.725788
968.865617,395,1618.266301
2433.525291,1000,1619.82663
2428.670606,1000,1621.19847
2389.174661,1000,1622.964173
2445.75084,1000,1624.360969
2406.420097,1000,1626.116043
1358.571912,593,1626.925956
2459.616223,1000,1628.308754
2353.931281,1000,1629.914168
2454.693931,1000,1631.313248
2432.724397,1000,1633.022068
2440.695507,1000,1634.415986
2467.739571,1000,1636.109071
241.111471,102,1636.248584
86.558169,38,1636.300573
2420.515034,1000,1637.679709
287.951591,134,1637.865035
233.308261,96,1637.998525
2464.883712,1000,1639.594493
2407.146403,1000,1640.976353
2488.587779,1000,1642.663827
145.569753,58,1642.744123
2442.276013,1000,1644.134271
2446.66899,1000,1645.999108
2453.894413,1000,1647.386024
987.496721,393,1648.322134
2441.36099,1000,1649.720656
2456.567308,1000,1651.340758
2436.50025,1000,1652.719908
2422.941194,1000,1654.530589
2460.196008,1000,1655.938392
2481.329116,1000,1657.709604
2424.591731,1000,1659.088908
2467.634494,1000,1660.815941
2509.280706,1000,1662.194468
2459.294333,1000,1663.826186
2426.172601,1000,1665.214324
2472.025136,1000,1666.603835
2482.428211,1000,1668.265154
2480.869434,1000,1669.639075
482.127728,199,1670.12715
2420.712814,1000,1671.534226
2446.12874,1000,1673.179497
235.335299,91,1673.303727
2421.518205,1000,1674.692203
2482.831377,1000,1676.426577
2433.727198,1000,1677.816831
2461.4891,1000,1679.54239
2516.106196,1000,1680.918911
2479.779006,1000,1682.678258
2452.841617,1000,1684.069767
2424.833403,1000,1685.450295
203.365078,90,1686.120879
2486.865949,1000,1687.506625
2490.978827,1000,1688.894016
2461.86791,1000,1690.506744
1885.466801,778,1691.574655
2467.159852,1000,1693.403274
2483.669782,1000,1694.79224
2484.371167,1000,1696.524426
523.147428,211,1696.814916
2508.466234,1000,1698.194541
2441.360268,1000,1699.871719
2448.318746,1000,1701.261758
2491.10144,1000,1702.899223
2443.132742,1000,1704.290051
2491.673912,1000,1706.126498
2522.890768,1000,1707.512887
54.069711,23,1707.544243
2539.559063,1000,1709.249314
2505.66086,1000,1710.633205
2482.717098,1000,1712.457286
2492.911404,1000,1713.835417
2535.267413,1000,1715.648018
2411.639384,1000,1717.036316
2458.179305,1000,1718.649645
2522.921267,1000,1720.03782
2528.67839,1000,1721.735824
2480.641822,1000,1723.125398
2502.359118,1000,1724.84887
2457.156846,1000,1726.233796
2510.215165,1000,1728.017014
2551.582529,1000,1729.396651
2462.883239,1000,1731.162127
2499.991042,1000,1732.556507
2524.180492,1000,1734.464751
2547.46221,1000,1735.880951
1352.284293,535,1736.62135
228.830012,90,1736.745837
1167.541447,463,1737.932183
2514.593953,1000,1739.321715
2365.501349,1000,1741.018757
2481.388938,1000,1742.393347
2478.535923,1000,1744.143211
1410.33243,587,1744.954834
2508.347073,1000,1746.327735
2451.35093,1000,1747.98266
2556.434257,993,1749.351901
924.894825,345,1750.145296
2551.642726,1000,1751.523569
2500.809834,1000,1753.091101
2518.160528,1000,1754.470896
2413.263447,1000,1756.049484
2543.318187,1000,1757.432516
2556.338144,1000,1758.822946
554.918182,218,1759.378154
2577.555237,1000,1760.768175
2476.694815,1000,1762.470061
2502.084389,1000,1763.853989
2464.963099,1000,1765.68024
2549.972565,1000,1767.063623
2544.812153,1000,1768.78029
2498.509768,1000,1770.171872
2548.535937,1000,1771.572301
2527.731042,1000,1773.143764
2552.604046,1000,1774.514992
2567.839141,1000,1776.301656
2492.001418,1000,1777.685806
2495.776192,1000,1779.326029
2629.292982,1000,1780.706811
2500.521088,1000,1782.644454
2550.647038,1000,1784.025853
2530.97526,1000,1785.623632
2554.015814,1000,1787.001037
2533.160802,1000,1788.707685
1091.251162,396,1789.256365
2552.14515,1000,1791.043758
38.753991,17,1791.067306
2560.115289,1000,1792.456728
2509.678785,1000,1794.23348
2525.673005,1000,1795.631806
2487.454963,1000,1797.380609
87.412703,38,1797.434617
2553.793683,1000,1798.817169
2662.554956,1000,1800.464719
303.621258,128,1800.647093
2644.19515,1000,1802.049285
115.5014,54,1802.124403
2595.665039,1000,1803.947091
2123.95209,804,1805.073173
2579.198642,1000,1806.473246
2617.601189,1000,1808.19254
2518.296387,1000,1809.572402
2617.609772,1000,1811.453384
2588.445687,1000,1812.824558
2497.925849,1000,1814.56006
2552.056576,1000,1815.944142
2603.991682,1000,1817.798792
2135.824508,822,1818.926659
2518.642539,1000,1820.656806
2529.034852,1000,1822.039188
2553.409795,1000,1824.00775
2551.144687,1000,1825.385064
2509.616422,1000,1827.071892
475.233169,186,1827.332163
2043.561746,801,1828.427933
1395.248741,547,1829.177865
2553.837611,1000,1830.876891
2600.784983,1000,1832.257371
2652.722386,1000,1833.950787
2577.681388,1000,1835.339443
2533.825134,1000,1836.886876
2617.684406,1000,1838.256158
75.69102,26,1838.291408
2657.409048,1000,1840.323965
2558.806192,1000,1841.723905
2591.177216,1000,1843.458737
2524.891158,1000,1844.831698
2618.708047,1000,1846.585584
2553.390759,1000,1847.968964
236.345652,85,1848.085575
31.303814,17,1848.109392
2473.327589,1000,1849.848492
2595.980239,1000,1851.217611
2593.749163,1000,1852.910722
2384.162383,905,1854.162699
2616.002608,1000,1855.907809
901.711073,333,1856.367719
2590.212805,1000,1857.773949
2570.223179,1000,1859.485026
2393.173768,1000,1860.869925
2544.415716,1000,1862.492262
2508.562407,1000,1863.870367
2708.31528,1000,1865.716708
2596.256879,1000,1867.095906
2584.829617,1000,1869.165073
489.862337,191,1869.429792
36.856646,15,1869.450319
2574.524775,1000,1870.834843
2599.893149,1000,1872.669091
666.013089,238,1872.9963
1023.423276,358,1873.491594
2531.829592,1000,1875.452892
2546.02984,1000,1876.830689
2555.0958,1000,1878.509492
877.600553,310,1878.937639
2573.849841,1000,1880.316564
771.307822,285,1880.704977
2618.924017,1000,1882.559437
2563.530071,1000,1883.942642
2701.991528,1000,1885.78627
2587.274058,1000,1887.173034
2622.68361,1000,1889.044862
1630.82947,657,1889.949963
662.88029,255,1890.299646
