#{"t_start": 1787796804.1157491, "env_id": "Ant-v5"}
r,l,t
110.676443,90,0.745005
33.576704,34,0.790758
62.375574,43,0.849511
44.630862,30,0.890174
21.595675,15,0.91027
67.508858,70,1.007886
71.120076,46,1.071913
54.356928,39,1.126031
7.368217,36,1.175164
164.987089,108,1.324057
15.486961,15,1.344521
22.880924,37,1.394984
11.062384,30,1.43624
82.311617,65,1.525231
87.056061,79,1.637732
89.552294,49,1.707244
32.757698,31,1.750882
102.352095,125,1.925763
64.877721,97,2.062965
28.129835,47,2.128633
71.438024,84,2.246626
43.151268,34,2.293051
31.950014,44,2.354904
90.505957,65,2.447043
22.559352,34,2.493438
44.835785,33,2.538463
78.134529,66,2.627126
75.031456,69,2.720324
71.798314,55,2.796751
116.224447,68,2.888818
103.205335,97,3.018514
111.661552,89,3.138434
1422.938176,1000,5.739777
165.524165,179,5.994761
74.925834,62,6.083996
169.129284,296,6.501672
74.541408,62,6.587371
967.47183,1000,8.860557
28.230806,20,8.888593
89.394046,73,8.991352
284.162588,231,9.316336
37.367618,38,9.369617
14.722977,19,9.396054
28.031741,38,9.448468
48.180105,47,9.512883
1381.916923,1000,10.911502
58.592947,32,10.956683
76.177204,52,11.027393
173.364531,100,11.164939
131.443677,97,11.680175
51.626078,40,11.737085
1245.096033,1000,13.148098
98.308851,106,13.292599
34.913517,35,13.352615
35.433667,21,13.382819
4.21984,13,13.401005
440.188566,221,13.728496
202.402927,220,14.043479
23.626984,29,14.099747
1370.5895,1000,16.070351
53.701906,71,16.173584
177.169029,99,16.312035
97.483471,79,16.422009
123.921198,90,16.552847
28.091857,18,16.578737
103.445816,58,16.658404
44.501061,62,16.746207
157.437896,120,16.913245
1003.853849,1000,18.890168
9.374848,16,18.912045
22.333261,13,18.930319
291.235518,241,19.262533
52.492451,41,19.318012
10.663467,22,19.347667
28.837535,22,19.377648
31.895725,17,19.400661
14.62282,17,19.423828
0.848356,22,19.453552
-8.326871,29,19.492654
58.765548,94,19.62195
78.910686,42,19.678973
1421.960466,1000,21.079938
1366.294318,1000,22.833013
100.869984,222,23.140475
204.299151,177,23.387464
106.835268,91,23.514081
53.472433,59,23.595247
218.476071,174,23.838322
137.649181,122,24.007419
151.341743,111,24.158644
117.740109,91,24.283961
950.082407,1000,26.133473
134.043476,154,26.343348
95.974577,84,26.456961
56.001874,31,26.500458
191.043911,142,26.69905
43.40705,57,26.77651
20.741936,17,26.799677
54.297415,39,26.853001
41.307314,21,26.882046
39.518529,26,26.917973
228.471141,158,27.136468
94.909314,96,27.267713
1386.296226,1000,29.205674
35.86348,70,29.301117
12.432815,32,29.347054
84.556362,86,29.462557
174.546056,173,29.698392
3.553665,9,29.710554
135.663161,109,29.858813
31.095271,22,29.888622
6.122394,20,29.915673
74.50028,36,29.965152
261.035428,214,30.260141
148.948439,156,30.473762
14.778252,19,30.499773
40.160801,23,30.531282
88.032515,61,30.615066
1400.057076,1000,32.478049
56.740806,55,32.555413
38.052466,33,32.600085
46.777674,56,32.679224
91.216637,110,32.833344
319.134233,285,33.232212
32.716443,25,33.267114
72.202613,100,33.405452
258.927292,180,33.657858
91.556008,122,33.830637
45.588049,44,33.891543
24.934588,25,33.925549
1.209671,11,33.940741
137.484666,86,34.058775
82.719047,47,34.122228
27.236746,32,34.166846
69.810458,47,34.230227
127.604,108,34.379552
39.905688,37,34.430228
62.764481,43,34.488531
11.16568,14,34.507554
87.976338,71,34.604983
153.693857,138,35.151806
28.642392,36,35.201602
94.559109,97,35.33414
32.588456,31,35.379097
92.832621,60,35.461476
138.616407,83,35.580095
24.739399,31,35.624969
8.001737,18,35.651541
64.595477,79,35.766098
1416.128892,1000,37.176159
103.036584,65,37.2662
7.757654,13,37.284361
14.712891,25,37.319432
46.023171,53,37.392751
16.215074,39,37.446809
8.467199,11,37.461977
40.568893,33,37.50705
180.198489,76,37.614383
199.949567,147,37.822461
49.241551,33,38.367751
36.418646,82,38.488597
5.358446,14,38.50898
907.860069,1000,39.924405
83.530186,42,39.982829
1114.105719,1000,41.758319
5.838022,13,41.776552
118.702425,118,41.93786
24.798631,41,41.994425
82.768681,109,42.147157
6.218293,77,42.265898
78.743852,92,42.391733
48.425181,26,42.428114
140.521769,116,42.587997
122.599761,167,42.825988
17.942928,21,42.854636
88.572697,109,43.003401
73.134974,39,43.056876
8.770787,34,43.104456
927.55936,1000,44.900016
80.50051,63,44.991791
81.278115,40,45.052342
80.351953,62,45.142678
107.645067,51,45.214257
967.073703,1000,46.612572
37.111753,51,46.684202
71.016541,40,46.738857
147.401733,115,46.90488
75.951453,63,46.995283
24.307266,35,47.044031
83.59352,53,47.117795
59.901993,47,47.182205
55.804741,48,47.249097
13.949458,24,47.282456
35.25343,51,47.353117
24.225285,18,47.377956
102.656824,65,47.468904
1448.814881,1000,49.300824
59.542367,37,49.352757
131.797515,94,49.481639
56.939268,50,49.551791
35.936761,29,49.591482
45.078001,36,49.640725
36.539149,21,49.669114
100.537736,62,49.754992
85.381364,95,49.886917
86.316066,67,49.980195
14.51556,13,49.998232
1233.028601,1000,51.797404
6.031566,14,51.816865
56.059757,39,51.870679
59.746272,55,51.947577
1372.471045,1000,53.351177
1352.288955,1000,55.160026
9.778066,14,55.180161
8.363469,14,55.200386
1089.191104,1000,56.604657
285.935615,219,56.912611
45.444278,27,56.950415
65.240741,43,57.011308
6.271456,22,57.042093
47.220407,37,57.093782
82.780477,85,57.212231
0.164467,17,57.235402
35.862403,35,57.283112
139.887848,85,57.399249
92.04262,84,57.514109
64.937696,69,57.990936
18.058627,23,58.024894
35.024564,40,58.080573
181.020377,106,58.227298
195.641201,107,58.376614
23.443998,26,58.41199
1006.829149,1000,59.798759
30.840965,65,59.887816
91.991643,50,59.956174
62.553935,58,60.035329
116.982925,99,60.174655
263.30205,177,60.416336
89.331467,72,60.513941
24.062099,19,60.540113
27.260212,40,60.594959
1432.718618,1000,62.382237
74.775641,57,62.461702
93.429391,67,62.554932
95.230158,72,62.655705
101.563022,56,62.732789
384.587415,281,63.122144
66.38455,61,63.20612
11.52075,28,63.244859
975.155454,1000,64.93297
60.180451,53,65.01124
73.805753,62,65.09826
105.587617,72,65.199692
1217.277002,1000,66.6093
16.034041,20,66.636682
44.154836,54,66.710199
51.219184,61,66.793175
45.092659,84,66.908391
53.865453,44,66.969139
144.97836,95,67.101914
77.019186,92,67.229481
265.095436,222,67.747524
147.417433,99,67.88579
122.039238,72,67.986539
10.465864,29,68.027686
86.288877,73,68.129551
1043.739847,1000,69.553957
35.752289,42,69.61234
17.239431,24,69.645461
71.85983,48,69.711584
41.735371,30,69.753084
125.934943,94,69.883439
19.94075,18,69.908511
89.818594,64,69.998789
152.604858,108,70.151971
10.167887,24,70.185838
78.05938,53,70.259772
-12.311158,35,70.308764
30.295005,55,70.709746
1085.126379,1000,72.118307
27.465964,53,72.194378
1000.832105,1000,73.80406
39.760532,83,73.91913
28.88023,37,73.970421
44.138697,19,73.996843
74.210726,66,74.088112
51.44198,33,74.134704
1006.813697,1000,75.545224
1480.037596,1000,77.242253
137.551642,96,77.37888
26.933735,34,77.426235
8.941002,15,77.447444
1225.248866,1000,78.852222
252.011792,159,79.080547
131.286021,118,79.248231
201.275766,111,79.404078
21.494239,16,79.426203
98.064585,65,79.516488
36.73495,27,79.554241
61.785267,35,79.602432
1348.08884,1000,81.289877
57.348663,68,81.383722
264.839001,146,81.587209
254.746026,182,81.83874
21.069057,20,81.866003
138.537786,85,81.984778
37.716533,40,82.041321
91.712627,75,82.147037
70.743486,63,82.235838
41.286523,48,82.303003
148.417967,114,82.462229
55.147776,27,82.499847
199.438277,147,82.707406
36.654844,27,82.745307
194.160175,164,83.297225
228.061115,164,83.522628
98.3726,68,83.617205
75.140385,64,83.705646
127.631352,96,83.837816
200.353871,157,84.05694
11.590194,17,84.080192
962.250939,1000,85.490805
124.868928,134,85.679804
1174.192003,1000,87.340338
31.980707,32,87.384782
15.929048,23,87.416746
61.43411,37,87.469671
882.585976,630,88.35288
17.913691,17,88.37657
178.848283,142,88.575223
71.941207,76,88.68095
30.532686,70,88.776536
427.984411,392,89.606448
115.999992,145,89.807431
225.163206,178,90.055375
37.313493,26,90.091236
165.672349,128,90.269091
75.867198,54,90.345001
98.493844,75,90.449196
1488.029381,1000,91.847647
88.727099,87,91.968529
1085.661411,1000,93.621942
87.505187,67,93.714136
5.265128,15,93.734726
132.57766,64,93.822645
233.77107,191,94.087526
336.1655,214,94.385524
78.11076,52,94.45825
66.932825,66,94.550255
91.798191,64,94.639194
414.808895,435,95.24579
16.966498,13,95.26453
58.698558,96,95.400555
209.339737,138,95.828968
167.495071,127,96.006909
17.076459,25,96.040646
24.923932,38,96.092623
145.232982,137,96.280521
51.19155,32,96.324751
138.838898,104,96.467546
108.611503,66,96.560033
1356.415773,1000,97.968897
104.903417,71,98.06767
39.112774,35,98.11643
55.653169,28,98.155638
297.90635,200,98.436488
63.090675,48,98.503962
290.676726,216,99.080253
18.939873,22,99.111156
80.689534,88,99.232417
228.02913,122,99.404897
55.073155,50,99.474039
121.668859,88,99.596536
76.995474,97,99.728751
111.771923,102,99.869618
20.902764,40,99.925061
68.149869,55,100.001503
87.217438,61,100.08841
122.455262,73,100.1927
1239.616891,1000,101.589638
14.669261,12,101.606197
19.063357,23,101.63711
174.119139,115,102.160349
46.21731,66,102.252895
1214.182631,1000,103.663761
28.86043,61,103.746413
464.432742,260,104.102332
7.40442,22,104.132578
57.512212,35,104.181833
21.430167,21,104.211418
379.000437,264,104.574486
50.148128,46,104.638935
207.97685,156,104.857231
17.268069,21,104.886692
108.190698,71,105.26321
48.455161,56,105.34398
19.913306,29,105.386303
1372.057304,1000,106.798939
89.993466,116,106.960079
107.147903,82,107.071303
123.405164,116,107.234477
1091.863153,1000,108.870478
103.40665,67,108.961477
105.690174,102,109.101751
294.306925,276,109.486176
1163.550507,1000,110.905306
101.564012,83,111.020241
37.961247,22,111.050377
3.495527,18,111.0757
12.121082,14,111.095221
217.270599,185,111.553942
47.092278,44,111.61605
57.980443,46,111.679557
189.589746,168,111.915423
68.757498,58,112.002476
70.174646,54,112.078306
237.713043,209,112.370592
399.362305,280,112.764668
1512.480495,1000,114.159515
85.966509,52,114.230603
24.57976,18,114.255626
74.823783,68,114.645857
33.292194,80,114.760325
15.047091,15,114.781986
104.844071,105,114.931264
199.937278,149,115.143908
47.42608,50,115.213423
53.840153,47,115.28003
1050.602333,1000,116.688665
54.957991,61,116.776713
251.076741,195,117.052165
1497.054922,1000,118.794394
30.278977,48,118.86212
12.749819,12,118.87896
183.9701,123,119.051787
36.499873,30,119.093772
347.674093,259,119.456473
123.38384,59,119.538853
48.507889,27,119.576922
33.817955,30,119.618337
49.163451,35,119.672293
1479.799142,1000,121.373056
0.335455,33,121.419334
415.129105,275,121.804728
365.454165,338,122.28182
110.393297,104,122.426516
32.468231,30,122.467935
41.705724,57,122.545964
50.653498,39,122.600903
58.211578,50,122.6703
1235.399241,1000,124.498844
33.176523,25,124.533711
31.999312,46,124.600202
131.240789,82,124.715453
115.168293,91,124.843905
1077.945574,1000,126.24715
755.03168,554,127.012451
20.574345,26,127.047976
1413.674442,1000,128.745605
41.122595,54,128.820208
22.078873,30,128.861804
1084.017632,1000,130.261315
62.432381,74,130.679649
112.134507,82,130.794372
10.148712,11,130.810007
52.081177,48,130.878639
77.801712,50,130.947651
1359.101631,1000,132.348744
1391.948799,1000,134.012304
1012.149763,1000,135.40124
49.977115,61,135.486326
1433.978348,1000,137.11147
261.414279,222,137.418037
155.661519,130,137.600458
71.235893,48,137.667619
34.441785,29,137.709904
59.524554,60,137.795985
212.593114,106,137.943277
25.142456,39,137.996814
20.130606,21,138.027672
29.316464,18,138.05259
1323.076628,1000,139.443033
1478.63478,1000,141.018395
59.704072,75,141.121779
88.397254,76,141.227388
185.005652,107,141.375728
19.305719,17,141.399283
25.411518,26,141.435215
194.529272,126,141.612214
532.065094,347,142.097355
238.724376,163,142.325559
1386.68712,1000,144.001656
93.924458,55,144.078128
43.174973,26,144.114358
136.598448,123,144.283998
167.774494,129,144.460798
35.404085,35,144.508868
58.614093,68,144.605072
127.754571,99,144.742398
153.683124,110,144.895719
32.729323,36,144.944525
9.376041,57,145.02281
14.135562,15,145.043521
42.72669,53,145.116336
1390.283701,1000,146.793415
149.6202,105,146.937628
63.894133,52,147.013
160.489215,116,147.172235
1474.542445,1000,148.590471
76.01537,52,148.66246
244.336068,245,149.001867
1438.224515,1000,150.588928
63.412518,47,150.655054
115.725203,96,150.787975
266.814848,183,151.04241
1389.663451,1000,152.696082
32.670982,28,152.737712
8.599804,20,152.76557
64.650927,79,152.87669
26.941598,59,152.959216
5.67629,10,152.973137
16.687396,33,153.020222
5.123661,11,153.036127
34.417704,27,153.073976
1494.970977,1000,154.489189
31.10942,24,154.524156
1051.546455,1000,156.170411
287.059065,173,156.410428
69.752403,46,156.473585
12.5646,17,156.497004
173.86275,137,156.686489
9.051336,15,156.706891
41.837538,23,156.738535
94.774061,90,156.862981
111.41244,101,157.007884
133.300165,82,157.12232
115.965146,76,157.227745
1485.634185,1000,158.877652
218.578833,172,159.123929
103.512818,74,159.229076
50.307023,41,159.285942
247.902644,188,159.550426
40.236788,67,159.644483
160.783541,119,159.809587
33.938207,16,159.832225
267.957814,165,160.06811
87.139022,69,160.163632
255.860652,184,160.417434
114.537369,152,160.626271
64.790728,38,160.67929
61.113501,60,160.76286
37.79498,64,160.852081
26.522895,29,160.892509
282.233233,230,161.218557
66.83011,49,161.286069
107.00667,137,161.721148
1572.940235,1000,163.129939
137.825769,164,163.355121
32.949168,49,163.422574
1436.350405,1000,165.135353
108.535118,66,165.231527
1098.018843,1000,166.650068
12.289044,23,166.682734
1068.965205,1000,168.439585
299.546207,154,168.651172
1066.65566,1000,170.043836
1391.554751,1000,171.631596
1128.992517,1000,173.041918
1.430747,9,173.054749
165.07363,97,173.188337
72.577104,52,173.260217
309.20121,351,173.746544
67.441421,66,173.838149
120.245231,118,174.001446
192.870182,165,174.446033
357.547857,331,174.907924
247.97168,199,175.184058
121.826023,67,175.27689
54.122818,32,175.320692
42.404311,36,175.370631
142.159379,142,175.570246
245.628843,154,175.784142
123.226938,73,175.884797
121.507474,86,176.003623
254.227834,167,176.238937
6.864538,32,176.283719
1498.626983,1000,177.976171
61.716706,56,178.053403
46.564099,46,178.118826
58.160283,40,178.176252
34.805974,45,178.23997
105.118795,74,178.343019
136.654082,72,178.443967
10.076845,13,178.461994
1467.774707,1000,179.853237
25.440007,70,179.950804
29.928957,23,179.983357
69.525984,38,180.036263
78.853783,46,180.100665
91.364143,87,180.228238
283.631663,196,180.825374
94.457902,66,180.918628
1445.476442,1000,182.326974
18.73458,21,182.356452
132.934422,61,182.440624
34.6531,17,182.464228
41.19051,41,182.52116
59.306267,46,182.586512
17.314541,20,182.61479
1356.345161,1000,184.396895
73.361198,56,184.474254
73.711697,39,184.528466
158.928293,157,184.744905
1434.906639,1000,186.12759
51.737734,50,186.199616
32.7397,21,186.230114
437.745931,270,186.602528
147.53425,115,186.971341
36.91907,61,187.056398
120.024521,60,187.140883
97.487381,66,187.233357
91.611385,48,187.300853
69.23045,49,187.369955
56.482168,59,187.45251
114.387512,180,187.702972
17.878003,22,187.733469
131.316386,70,187.831434
135.957211,98,187.96787
101.087753,62,188.054809
187.946766,108,188.206305
7.212988,16,188.229258
1162.160443,1000,189.626552
1147.068926,1000,191.356899
39.467563,23,191.389598
242.702354,170,191.626854
1482.909749,1000,193.215898
441.29819,245,193.560664
250.976771,167,193.792423
400.134086,352,194.279315
272.571884,265,194.646245
1432.463492,1000,196.248523
42.611803,27,196.28907
26.277382,27,196.335342
69.478256,77,196.444671
1360.694203,1000,197.84866
42.284452,23,197.880972
120.407284,117,198.042694
110.57035,88,198.163675
29.461792,20,198.191235
183.11496,100,198.332843
1117.266327,1000,199.911383
113.683271,82,200.025115
44.308539,28,200.065216
379.284218,283,200.459149
234.436482,247,200.801028
1297.345521,1000,202.399149
89.583332,57,202.480229
220.976818,178,202.724564
72.355969,39,202.779293
1607.974405,1000,204.171884
80.528499,48,204.239627
105.48419,85,204.358689
118.584246,75,204.468521
1482.24997,1000,206.018219
625.371269,416,206.603358
58.436746,52,206.676788
6.508532,15,206.697763
202.568233,147,206.905277
1106.183356,1000,208.495802
29.830774,23,208.527714
16.105005,24,208.560624
111.097479,69,208.653956
50.438437,36,208.704099
144.714068,130,208.886964
145.924879,77,208.993883
6.885362,27,209.031248
1357.722906,1000,210.43725
197.853776,153,210.659878
232.075433,126,210.83428
147.25712,86,210.953247
300.872853,261,211.588519
12.60972,18,211.614623
265.10204,280,212.002524
41.693108,34,212.048721
1013.871431,1000,213.449326
141.727201,90,213.57372
97.391641,70,213.67082
1098.16845,1000,215.308224
84.376693,78,215.414482
103.357665,77,215.522403
345.762962,274,215.907459
148.388661,100,216.046231
28.263753,20,216.073673
192.010694,142,216.271847
201.426137,154,216.488604
447.683213,282,216.897114
145.383577,143,217.097225
63.04217,37,217.148514
41.466275,40,217.203423
356.989172,227,217.52229
78.378848,73,217.864389
136.011631,93,217.994701
199.96628,216,218.296053
338.295908,199,218.57506
106.17388,110,218.730041
286.597078,270,219.101693
1548.177398,1000,220.495564
1190.070377,1000,222.00902
1527.668111,1000,223.405176
1420.707915,1000,225.11985
36.009467,25,225.154423
42.490249,35,225.202661
57.226857,41,225.259172
6.047785,30,225.301953
66.232528,81,225.414336
473.860938,376,225.937011
25.23261,17,225.962695
221.613897,187,226.224235
27.837078,27,226.262824
273.492231,133,226.44705
226.798256,202,226.732369
66.923411,34,227.045477
1134.693435,1000,228.447196
1155.225252,1000,229.856351
144.504935,173,230.275399
1295.977429,1000,231.684633
169.320536,120,231.849026
14.491955,21,231.878231
1561.941352,1000,233.505308
235.842969,181,233.756394
19.753411,22,233.787394
5.085769,31,233.830175
118.56172,74,233.939171
1183.999426,1000,235.347325
98.389561,63,235.435251
1276.132471,1000,237.063169
285.662978,258,237.427809
127.884921,135,237.619559
14.364609,32,237.66536
1125.995287,1000,239.075482
61.026377,57,239.156079
1400.091611,1000,240.817483
65.868802,50,240.888463
204.945323,104,241.034843
428.68168,382,241.566563
1130.093585,1000,243.164378
1457.710765,1000,244.586893
284.798892,194,244.862606
30.130973,36,244.913267
970.231735,615,246.001825
1538.415658,1000,247.40516
169.785334,104,247.551181
1139.481345,1000,249.229474
170.456036,113,249.387213
4.264772,26,249.424031
149.8439,86,249.545479
12.398414,9,249.558111
200.684881,123,249.729506
1439.627073,1000,251.147969
742.382697,478,251.98626
1394.069644,1000,253.395643
93.557493,61,253.480719
228.119024,166,253.712371
1471.33504,1000,255.275795
53.951949,38,255.329848
48.678642,53,255.403778
162.021261,122,255.574126
1245.432962,1000,256.99506
1479.930646,1000,258.63052
11.55733,14,258.650381
543.341857,423,259.245094
384.668668,304,259.672895
1065.007143,1000,261.362822
1474.122537,1000,262.774099
27.603583,21,262.800538
31.304561,38,262.851256
89.805218,71,262.951338
39.794789,44,263.0138
1290.796738,1000,264.562885
71.059259,50,264.634053
249.744021,158,264.855938
152.5633,166,265.09124
210.791188,103,265.234815
544.211724,322,265.681472
1191.615542,1000,267.302651
1185.601778,1000,268.709031
1511.483048,1000,270.123878
144.611802,116,270.441865
166.664947,103,270.5835
1553.899029,1000,272.003912
168.285677,122,272.175118
1489.439498,1000,273.80268
1515.240608,1000,275.219697
75.281406,64,275.307019
191.060802,148,275.512964
1180.864542,1000,277.1065
229.736131,181,277.3595
1493.853273,1000,278.757419
14.947487,37,278.808476
1580.252674,1000,280.418291
1555.253079,1000,281.830943
152.098396,133,282.016173
88.782358,36,282.065836
239.565157,181,282.316931
1559.892998,1000,284.030088
298.935323,277,284.417999
1554.489861,1000,285.976739
38.537197,30,286.018531
79.436921,67,286.110077
109.632315,55,286.185667
118.677042,84,286.301278
1119.441765,1000,287.703545
1433.312645,1000,289.332194
319.126758,249,289.674864
101.22886,79,289.785258
306.831661,273,290.170124
92.569606,75,290.274791
595.630448,570,291.071515
1227.051043,1000,292.605593
180.893894,133,292.794762
1166.649418,1000,294.186444
188.870501,135,294.373105
1242.512379,1000,295.998476
145.665644,110,296.148821
212.779274,174,296.387923
159.578887,120,296.55608
1147.047072,1000,298.143717
1453.345745,1000,299.557295
1338.022999,1000,301.248377
435.184038,318,301.697561
77.460839,92,301.826707
22.928522,21,301.857879
338.837836,248,302.204733
215.391366,135,302.391743
217.470243,232,302.715406
1228.654356,1000,304.292816
1223.0085,1000,305.730334
1557.689712,1000,307.133615
1233.504802,1000,308.800008
1158.20419,1000,310.208586
39.889673,53,310.284461
64.1716,48,310.522926
78.613392,120,310.691363
1584.596909,1000,312.099189
1623.267915,1000,313.696777
195.918622,150,313.904324
105.240357,65,313.997232
88.074132,62,314.082597
61.306682,34,314.130465
1475.22788,1000,315.547937
34.674863,33,315.594014
126.833439,72,315.694824
117.261278,93,315.827596
72.971776,57,315.906869
79.196234,50,315.977383
162.051565,104,316.1268
1582.875253,1000,317.721609
503.261405,310,318.15281
85.439221,64,318.242679
35.966715,23,318.274515
18.779757,22,318.304723
177.525739,125,318.478294
1536.56736,1000,320.182521
70.462056,72,320.283799
103.445369,57,320.36316
104.596657,87,320.484181
3.57685,10,320.498465
19.792465,21,320.528293
59.680324,42,320.58917
1555.456759,1000,322.00044
50.401649,44,322.062164
18.988603,21,322.091082
147.124862,133,322.275838
1465.239424,1000,323.900196
150.432923,88,324.022912
1274.748697,1000,325.418918
215.936643,140,325.617212
41.972268,21,325.647287
69.668007,51,325.719397
17.791851,17,325.743332
74.341788,73,326.074363
238.106135,198,326.348602
1441.438728,1000,327.75145
163.228726,156,327.965649
324.033097,226,328.279888
1279.987572,1000,329.930462
86.512337,61,330.017401
64.639885,40,330.073455
37.47473,45,330.136166
29.939144,25,330.170296
84.345889,58,330.249864
208.667386,130,330.428053
179.28658,129,330.605985
1597.007163,1000,332.226232
18.730163,21,332.255851
1457.745719,1000,333.659825
1585.673565,1000,335.262673
47.825648,29,335.305154
405.452922,286,335.714306
173.338487,156,335.935513
1221.203832,1000,337.33523
55.654267,46,337.399912
1270.841529,1000,339.021835
615.083329,419,339.604834
1374.014973,1000,341.006748
53.373582,51,341.077691
46.561646,52,341.14959
1173.521007,1000,342.724881
46.325253,46,342.787823
1438.24215,1000,344.200063
1175.472916,1000,345.794501
1201.258822,1000,347.211612
1227.896734,1000,348.779628
66.416172,60,348.863134
57.342826,39,348.917859
1506.170515,1000,350.332394
144.073241,90,350.620189
47.028745,53,350.69557
25.404312,16,350.718055
59.470763,33,350.763647
912.721328,635,351.647251
1680.844666,1000,353.056733
1210.419257,1000,354.614603
225.197481,146,354.821912
305.642512,243,355.163642
191.107803,119,355.329722
1609.956907,1000,356.916995
38.144526,31,356.959704
1230.332976,1000,358.364115
463.343481,276,358.74324
65.943576,53,358.816891
170.576026,129,358.999681
104.350932,72,359.101172
207.017138,125,359.274813
151.001569,117,359.439089
163.725327,130,359.724794
271.693726,161,359.962654
1504.969798,1000,361.38898
487.848708,261,361.755705
463.329124,348,362.242731
82.703586,45,362.304388
48.080913,40,362.35991
96.482881,57,362.440059
85.562401,70,362.753574
1542.01617,1000,364.185576
1436.70995,1000,365.615279
224.255655,166,366.020495
13.764368,14,366.040942
1341.793397,1000,367.459148
1479.201693,1000,369.00675
1176.807338,1000,370.416906
143.128222,106,370.563076
1221.146911,1000,372.137257
1652.079244,1000,373.54345
1595.326937,1000,375.207554
32.605154,35,375.256519
1618.008875,1000,376.661854
1228.050354,1000,378.245785
309.68949,204,378.5318
1636.78405,1000,379.935789
131.072671,99,380.074653
83.803632,78,380.187204
35.572444,41,380.24668
26.539362,22,380.278315
1249.246317,1000,381.877234
21.472257,16,381.899615
1595.783786,1000,383.318941
1227.166186,1000,384.905562
86.98553,68,384.999213
174.681674,123,385.170191
1515.489636,1000,386.58382
1677.853951,1000,388.146989
1616.480435,1000,389.550825
1338.004965,1000,391.200004
1261.205125,1000,392.621308
141.651925,117,392.783724
1685.823034,1000,394.507517
1497.76482,1000,395.908689
1389.598707,1000,397.534448
95.237802,64,397.624753
39.571175,30,397.664963
1250.275093,1000,399.064164
60.774552,21,399.093572
59.589794,31,399.136324
193.168926,121,399.304748
1263.852902,1000,401.020914
198.196885,150,401.230129
119.035961,62,401.314808
53.137942,42,401.373298
110.460051,65,401.464442
1322.6822,1000,403.010419
2.818708,12,403.027179
53.895226,52,403.098847
1568.252589,1000,404.512196
1639.057107,1000,406.114816
1506.041609,1000,407.550512
1408.275098,1000,409.120737
118.524359,67,409.215756
36.164892,36,409.268025
120.290202,94,409.400402
106.072272,93,409.531158
39.206889,42,409.58939
519.33883,340,410.063479
333.212216,183,410.318706
1506.851601,1000,411.727001
1335.415121,1000,413.326676
183.100079,184,413.58106
492.331055,382,414.113521
453.200941,342,414.59653
44.688412,27,414.63435
45.535928,29,414.67471
27.279942,21,414.704051
171.596307,157,414.92202
89.815127,54,414.99855
230.245017,175,415.498699
1409.710514,1000,416.902528
160.406308,125,417.074638
1661.886208,1000,418.729985
1548.72584,1000,420.13475
69.232708,64,420.22278
1520.409199,1000,421.877927
1234.643758,1000,423.292146
27.470769,28,423.331027
1518.700453,1000,424.881529
330.939829,248,425.228284
1646.906494,1000,426.631235
1718.777573,1000,428.204643
102.892817,64,428.29534
70.850421,58,428.377353
1425.837172,1000,429.798756
55.995841,44,429.860758
223.470724,146,430.067337
178.352992,117,430.230188
71.261042,38,430.28289
1497.535919,1000,431.913904
7.652381,17,431.93804
1351.121269,1000,433.342866
1622.708444,1000,435.054303
141.351074,85,435.172042
96.04692,78,435.284024
1661.582903,1000,436.681845
173.44387,127,437.100899
97.933955,71,437.199707
497.87357,403,437.760209
24.235122,35,437.809828
1585.827671,1000,439.221566
123.35087,90,439.348108
1574.131567,1000,441.004033
1674.164669,1000,442.415246
1535.640079,1000,444.028527
32.291482,32,444.074541
136.073651,129,444.255901
1666.390936,1000,445.661145
135.455837,86,445.780922
1591.749328,1000,447.417936
1533.872087,1000,448.825196
1303.164745,1000,450.54014
1291.698271,1000,451.941374
1270.969577,1000,453.467424
85.482691,44,453.529394
1634.16814,1000,454.944063
1634.984269,1000,456.597605
11.566503,15,456.618667
4.03285,12,456.635669
1296.091145,1000,458.048463
1338.069531,1000,459.66162
1348.918039,1000,461.077079
127.460895,142,461.27451
56.062552,48,461.342979
182.42349,102,461.485836
124.445682,57,461.566113
1042.608677,675,462.78912
141.403212,95,462.925592
1687.890687,1000,464.332447
60.204701,70,464.429545
1340.617076,1000,466.129828
189.26577,141,466.326131
1289.363319,1000,467.724985
1705.832191,1000,469.350489
265.522026,230,469.67152
20.054972,18,469.696861
1323.248772,1000,471.347909
176.971193,115,471.510756
1654.428049,1000,472.910712
1433.973969,1000,474.454181
1323.595198,1000,475.856742
365.837601,289,476.264753
350.240063,208,476.556841
166.736568,104,476.703465
56.155375,33,476.748881
1672.928884,1000,478.402148
1385.281708,1000,479.802085
1570.572478,1000,481.336933
122.577869,99,481.477228
437.811379,253,481.827011
1336.673426,1000,483.2224
554.983214,348,483.918198
237.483658,164,484.156152
1428.653958,1000,485.558868
1743.226554,1000,487.159257
1244.482794,1000,488.5575
1680.999903,1000,490.117499
56.688156,36,490.167612
416.691652,253,490.51989
102.531167,94,490.651149
12.376417,9,490.66397
1721.125887,1000,492.060594
440.117913,316,492.68996
1598.528685,1000,494.100893
1508.102842,1000,495.511706
1695.286793,1000,497.095555
3.839268,14,497.115466
100.347848,76,497.221749
414.980412,307,497.656866
1728.134906,1000,499.381868
1687.358774,1000,500.789845
28.880193,31,500.83222
496.362868,399,501.393381
1481.757865,1000,503.024821
1524.240607,1000,504.441393
196.414879,109,504.592085
59.412913,42,504.649899
1333.575777,1000,506.256013
81.903505,75,506.358532
66.386012,44,506.420306
1743.01279,1000,507.826854
1695.053336,1000,509.39557
1727.045584,1000,510.797786
1298.110069,1000,512.466115
109.399301,64,512.55536
200.564535,120,512.722334
280.65459,157,512.941549
208.101796,148,513.146981
67.875133,62,513.233242
187.530779,139,513.425261
111.979625,102,513.572236
21.970395,20,513.600611
1329.813587,1000,515.153452
138.592899,88,515.277625
200.456272,169,515.515118
1722.341181,1000,516.915358
1717.523041,1000,518.554205
137.258265,64,518.642481
1409.386673,1000,520.036869
95.846418,47,520.103713
136.533117,106,520.252573
1656.189824,1000,521.788741
459.253068,302,522.209725
195.384839,175,522.45252
197.54035,146,522.654661
1723.958477,1000,524.371638
154.106022,127,524.549014
1710.968926,1000,525.959044
32.375696,30,526.000775
1759.251308,1000,527.628609
1446.077393,1000,529.035227
1758.146077,1000,530.764072
56.436669,62,530.851228
160.111599,109,531.003371
1610.889653,1000,532.419978
1758.776836,1000,534.102371
87.135582,54,534.179736
256.914429,160,534.399311
139.106534,85,534.516089
1617.469448,1000,535.923833
41.339087,28,536.307107
89.217097,73,536.412366
1394.519064,1000,537.820165
1641.847423,1000,539.44181
37.933965,26,539.477905
1767.434134,1000,540.882302
1400.038431,1000,542.582554
1409.152653,1000,543.99714
46.003285,25,544.034511
1662.50548,1000,545.44862
242.147758,161,545.858197
1438.527262,1000,547.271113
165.859294,117,547.436212
1747.779833,1000,549.026743
24.702008,27,549.064139
162.603742,66,549.156418
158.476852,95,549.28878
65.066532,32,549.332782
184.567925,115,549.494212
1558.56405,1000,550.898262
1674.479308,1000,552.491131
120.688674,94,552.622107
156.914754,107,552.77145
156.966874,122,552.943212
66.219963,53,553.017318
332.152546,179,553.266138
1453.923455,1000,554.831057
360.586908,221,555.142616
35.905055,30,555.185857
1515.832667,1000,556.591111
1739.160199,1000,558.300403
1471.234997,1000,559.701694
1768.531819,1000,561.415309
15.369093,12,561.432561
107.749555,68,561.530286
42.839626,29,561.571583
1814.207163,1000,562.989766
1452.466336,1000,564.619434
169.366929,131,564.802397
26.101993,24,564.83579
16.942666,22,564.866165
15.95287,10,564.880329
1735.669792,1000,566.287641
64.095289,59,566.371973
1350.118415,1000,567.913403
1800.756736,1000,569.312853
1520.423043,1000,570.923941
13.453945,15,570.945076
1744.035796,1000,572.353451
33.188688,29,572.393401
1448.83191,1000,574.072127
1573.527379,1000,575.487612
371.003615,218,575.79299
54.821437,51,575.863328
1481.485015,1000,577.423161
1103.813422,632,578.304907
1619.289905,1000,580.016321
1532.48542,1000,581.42528
1609.264715,1000,583.145392
160.422395,84,583.261843
1159.284425,667,584.204255
1514.580351,1000,585.609535
221.51776,122,585.780345
69.624286,50,586.050004
1796.695538,1000,587.44929
1722.285414,1000,588.853213
729.08059,456,589.720278
1473.953566,1000,591.117315
36.778021,37,591.168982
29.107345,26,591.205276
1768.268823,1000,592.822835
157.083001,99,592.965606
84.856483,54,593.042258
38.330708,21,593.072479
1494.894391,1000,594.480282
1493.13423,1000,596.088875
1848.319739,1000,597.496417
254.080363,143,597.696794
1614.855663,1000,599.364402
1664.068691,1000,600.787275
1734.902187,1000,602.437936
1639.598845,1000,603.83656
1566.644162,1000,605.552029
1512.444646,1000,607.006547
1566.786906,1000,608.652105
1648.424887,1000,610.056705
53.724265,25,610.091719
1791.092191,1000,611.628518
1610.997268,1000,613.047751
1513.357931,1000,614.724834
200.652779,111,614.88145
1838.430969,1000,616.288917
237.650592,135,616.479617
1568.790749,1000,618.097652
431.35311,259,618.464267
175.955367,100,618.607351
473.344287,279,618.997865
1496.529792,1000,620.715356
1450.173371,1000,622.145749
347.322583,202,622.429769
1800.386745,1000,624.124708
1468.276202,1000,625.528301
56.255992,32,625.571617
93.390731,44,625.63178
1798.673635,1000,627.22325
1489.419686,1000,628.615294
1810.081941,1000,630.228262
1707.732946,1000,631.663248
82.83254,66,631.755921
270.887159,165,631.983735
1736.507705,1000,633.537643
1790.305473,1000,634.945241
1522.486319,1000,636.637796
496.848578,262,637.007125
1699.514425,1000,638.407503
1764.350985,1000,640.11474
1782.884419,1000,641.51983
794.966921,481,642.4046
172.101361,113,642.563112
1520.427263,1000,643.968217
191.356006,100,644.109776
62.862112,38,644.164689
1706.0435,1000,645.745531
1485.523848,1000,647.1638
144.860908,83,647.279114
1742.220533,1000,648.967746
1686.092301,1000,650.37749
1882.26807,1000,651.975399
1801.55092,1000,653.378555
114.793033,75,653.483593
1704.256011,1000,655.180614
1051.50876,584,656.000225
1620.967914,1000,657.397653
118.220776,60,657.479987
247.254202,125,657.81503
1564.336303,1000,659.229456
1731.855394,1000,660.830201
1856.767158,1000,662.252339
1821.781935,1000,663.664374
1897.728976,1000,665.386048
1841.828998,1000,666.795533
1900.5849,1000,668.430955
1694.093585,1000,669.842733
1531.683046,1000,671.504389
1772.954327,1000,672.902012
53.462699,27,672.9411
1809.350487,1000,674.501811
11.226963,12,674.518688
1822.868559,1000,675.928302
1652.99364,1000,677.496926
1823.253409,1000,678.898224
1784.448193,1000,680.496179
80.321665,57,680.574666
1895.236061,1000,681.992122
1837.781695,1000,683.6319
1795.727808,1000,685.041231
44.933281,41,685.098713
1740.905762,1000,686.789967
1824.239868,1000,688.20829
44.362893,35,688.2573
1850.913198,1000,689.880421
79.443423,43,689.940933
1828.575253,1000,691.351166
1565.965084,1000,693.082344
193.931348,192,693.35371
1897.621281,1000,694.760991
1713.101944,1000,696.463999
688.256557,397,697.014326
1773.92121,1000,698.684814
1582.773883,1000,700.08541
469.813488,260,700.447311
1611.659775,1000,702.199588
1831.185322,1000,703.613862
1613.702082,1000,705.325193
275.812331,187,705.59226
128.373755,86,705.712087
147.89288,91,705.839091
1783.446335,1000,707.251821
310.71171,193,707.528462
36.788385,31,707.571451
1885.720657,1000,709.169625
140.398954,72,709.269732
32.239761,39,709.323894
640.497691,416,709.913261
129.768567,98,710.050591
1905.763527,1000,711.753444
69.170441,49,711.822943
110.702236,78,711.933722
372.465358,246,712.281676
1754.05706,1000,713.699689
1545.586844,1000,715.273635
302.598626,224,715.595205
1811.074385,1000,717.293993
1730.697515,1000,718.714643
1876.565332,1000,720.124929
182.7584,105,720.459026
1808.293339,1000,721.867645
45.562244,30,721.910059
1588.862714,1000,723.534388
1874.606695,1000,724.962626
1909.135965,1000,726.705135
63.490172,42,726.76412
1944.296837,1000,728.186273
1950.659603,1000,729.823596
1648.466359,1000,731.239639
1821.342803,1000,732.647022
18.742601,21,732.677758
1751.146496,1000,734.313925
218.129293,132,734.498749
1583.507917,1000,736.182418
264.668302,145,736.384744
1697.894359,1000,737.815856
242.050616,163,738.042879
1876.229734,1000,739.714743
1672.014159,1000,741.123724
1536.077809,1000,742.747369
1882.165157,1000,744.144762
728.940045,397,744.702705
1820.856569,1000,746.287978
87.707899,45,746.351539
1662.000911,1000,747.778719
1649.783592,1000,749.428125
1816.251945,1000,750.836455
1657.133891,1000,752.546884
1926.060378,1000,753.952751
1925.636836,1000,755.504892
85.214768,49,755.575031
2012.572346,1000,756.980713
142.866494,86,757.100566
1621.950612,1000,758.733887
166.197113,89,758.857451
1937.28993,1000,760.256621
1616.124556,1000,761.931031
1868.691622,1000,763.332039
1844.976619,1000,765.207744
121.757077,88,765.330792
190.023659,124,765.502264
70.72017,47,765.569249
1917.714089,1000,766.98162
484.363001,326,767.630849
1794.408655,1000,769.039304
135.394766,77,769.146464
1798.392485,1000,770.774608
127.453323,90,770.901174
152.945922,83,771.018522
1745.200099,1000,772.424701
1692.973483,1000,774.084561
130.839881,76,774.190331
163.187109,107,774.337749
1855.417464,1000,775.733539
1749.868076,1000,777.495039
1702.7997,1000,778.899096
124.798754,57,778.980189
609.685118,342,779.45666
114.619451,54,779.532027
113.272915,61,779.616771
1859.64881,1000,781.259699
354.056596,218,781.568165
257.42265,152,781.778967
1708.129743,1000,783.434244
2012.349778,1000,784.842307
1991.36084,1000,786.518881
1702.072717,1000,787.918515
1729.995553,1000,789.578538
1712.803046,1000,790.988972
1811.589579,1000,792.611124
1777.887097,1000,794.020962
1679.317084,1000,795.57009
1813.273807,1000,796.972649
1950.382655,1000,798.369563
677.661538,371,799.073682
53.556909,25,799.108449
1866.06037,1000,800.504381
718.772264,355,800.995896
485.278597,247,801.339783
1749.750529,1000,802.875031
36.390608,27,802.912694
43.725121,24,802.945872
1798.131148,1000,804.349978
1974.549412,1000,805.951776
29.091708,27,805.99001
1914.409143,1000,807.386765
1861.173733,1000,809.04712
2015.696723,1000,810.463366
503.0648,243,810.986516
192.326825,108,811.138356
312.348453,210,811.430148
1707.181124,1000,812.819697
191.555534,100,812.958292
46.906973,22,812.988656
1952.832163,1000,814.674742
2045.047709,1000,816.078229
1855.465608,1000,817.711829
1967.792313,1000,819.110234
1747.946471,1000,820.699584
68.865032,36,820.750284
1711.402137,1000,822.162986
1957.774806,1000,823.730454
1764.85213,1000,825.133696
1876.671025,1000,826.784092
1685.422613,1000,828.182964
1799.529365,1000,829.848668
210.367009,131,830.030585
735.74128,392,830.578094
2035.420399,1000,831.976352
102.128558,50,832.047201
19.632321,14,832.067318
1701.089771,1000,833.771028
1763.87998,1000,835.18196
107.215132,65,835.27201
1715.376934,1000,836.843519
1766.858044,1000,838.246567
358.038314,199,838.817388
1850.426231,1000,840.220484
379.70839,225,840.541055
1891.811705,1000,842.086691
157.37684,82,842.200567
1701.56763,1000,843.610289
1805.351249,1000,845.302471
92.02298,50,845.373617
1782.613178,1000,846.774156
1923.223078,1000,848.437894
2048.300388,1000,849.846256
2080.727362,1000,851.449263
2022.996883,1000,852.861679
1779.413404,1000,854.426982
1756.707135,1000,855.839269
1948.211827,1000,857.433311
891.530888,507,858.146226
2064.119672,1000,859.554563
1992.34937,1000,861.285253
805.871414,471,861.940347
1813.537631,1000,863.352541
2086.235122,1000,865.014179
1983.481529,1000,866.43077
547.765102,282,867.148148
1818.647665,1000,868.55087
1875.516657,1000,870.132804
244.464982,128,870.312347
1949.215193,1000,871.717671
298.554186,147,871.921111
57.971681,34,871.968686
2069.057932,1000,873.724166
2087.918258,1000,875.129371
1891.511984,1000,876.738976
1826.644802,1000,878.143632
1823.82168,1000,879.727314
483.332856,241,880.065659
1909.418655,1000,881.491926
204.871642,118,881.654671
193.250164,103,881.79961
2083.834987,1000,883.358164
2035.746638,1000,884.764951
1936.838519,1000,886.339263
1853.863121,1000,887.753855
1780.423244,1000,889.381807
182.011712,121,889.5506
2049.017028,1000,890.949598
635.751032,385,891.734531
1873.162336,1000,893.154452
2067.080802,1000,894.681317
1970.117783,1000,896.087618
1981.639748,1000,897.48829
2102.568416,1000,899.153486
49.290918,18,899.179058
213.449265,128,899.363166
2113.197736,1000,900.954147
1909.758821,1000,902.372529
1964.216254,1000,903.965216
2070.508758,1000,905.38289
2000.212294,1000,907.072187
2093.048786,1000,908.488045
1955.25683,1000,909.894929
2052.642291,1000,911.484107
1848.221238,1000,912.886351
1741.137382,1000,914.617848
2095.70363,1000,916.018085
1982.012647,1000,917.610778
2079.677968,1000,919.020854
20.801791,19,919.04791
234.573803,119,919.212999
859.89118,438,920.006687
1862.262325,1000,921.405441
1979.159393,1000,923.067539
2047.519726,1000,924.479196
500.664334,242,924.818458
187.734881,86,924.937901
1821.174507,1000,926.519204
1828.413563,1000,927.904721
97.19894,49,927.973223
2046.314433,1000,929.571908
1831.14312,1000,930.966081
1933.9274,1000,932.63645
2066.863092,1000,934.036909
477.648833,212,934.329902
1910.433444,1000,935.999992
221.185753,117,936.169331
261.745846,172,936.414726
1509.588891,857,937.613914
70.734683,34,937.662698
41.785064,28,937.702416
304.571892,172,938.137537
265.870131,152,938.349576
138.942364,70,938.448265
2097.389065,1000,939.853517
2033.863341,1000,941.48038
2040.63547,1000,942.884026
2152.816543,1000,944.475025
2002.621009,1000,945.885238
1927.245431,1000,947.489835
29.433602,29,947.530746
1941.637498,1000,948.945783
1885.73611,1000,950.583848
1994.025473,1000,951.982992
1998.677536,1000,953.654155
1903.231165,1000,955.074138
2178.383358,1000,956.73245
2144.066577,1000,958.134079
737.72024,339,958.605707
1997.303289,1000,960.230066
2153.567464,1000,961.641138
2177.772392,1000,963.235134
1118.08723,562,964.033355
103.254585,50,964.114117
2073.356305,1000,965.533727
1238.999037,592,966.513104
193.158993,87,966.632467
1946.201049,1000,968.05621
2175.884631,1000,969.680357
67.817881,50,969.74916
1857.116817,1000,971.18685
723.118101,370,971.700856
2108.21465,1000,973.334367
2129.721161,1000,974.747087
361.335911,157,974.96441
1892.681099,1000,976.55992
2080.903749,1000,977.959554
2145.937236,1000,979.503337
1836.6232,1000,980.911433
1850.936496,1000,982.453232
202.559438,119,982.618154
2158.84927,1000,984.008643
2001.970192,1000,985.595443
1956.706406,1000,987.002884
208.987048,97,987.135589
2064.29187,1000,988.740424
1955.969258,1000,990.145305
2146.011637,1000,991.784715
83.399243,37,991.835742
2138.918086,1000,993.246683
1893.789274,1000,994.833004
441.715428,215,995.130892
1978.038731,1000,996.742873
2194.660819,1000,998.163874
2188.460856,1000,999.746804
2168.05887,1000,1001.146171
1940.311335,1000,1002.546515
1987.423175,1000,1004.115663
2190.984816,1000,1005.545304
2030.731677,1000,1007.292312
1908.131206,1000,1008.69045
54.881707,34,1008.738381
2074.85719,1000,1010.477656
1883.055294,1000,1011.861866
201.510363,94,1011.994356
2134.816164,1000,1013.61289
835.0936,449,1014.243254
2170.72865,1000,1015.808559
139.857826,89,1015.932452
197.598745,101,1016.073688
419.242759,228,1016.391395
40.023342,26,1016.430599
1964.509725,1000,1017.831093
135.858443,68,1017.927319
2102.852962,1000,1019.510712
86.95819,38,1019.56472
2109.735958,1000,1020.948549
1978.483648,1000,1022.526037
2003.433171,1000,1023.913854
182.90636,100,1024.065761
867.420346,424,1024.823168
92.062414,35,1024.874298
239.880045,142,1025.071743
1962.175771,1000,1026.471331
102.421206,60,1026.559533
2223.889363,1000,1028.201917
2179.001428,1000,1029.599836
459.7687,238,1029.932758
108.962265,60,1030.015626
231.269814,107,1030.16432
1977.515929,1000,1031.839082
1980.13633,1000,1033.235979
2041.831125,1000,1034.793813
144.311996,61,1034.878741
1988.735866,1000,1036.282714
1740.806903,787,1037.682732
2099.530994,1000,1039.07582
1917.468516,1000,1040.727741
1966.706347,1000,1042.122169
320.69668,146,1042.322742
2006.636719,1000,1043.937063
326.174645,161,1044.162859
1961.857724,1000,1045.564031
1950.678761,1000,1047.164249
2011.211804,1000,1048.557425
2268.456808,1000,1050.221876
549.661431,263,1050.585005
189.380608,86,1050.703784
538.396922,274,1051.090646
324.665838,163,1051.316729
2034.213739,1000,1052.931894
2083.337739,1000,1054.32323
183.622682,92,1054.45232
2151.190849,1000,1056.172678
2152.248783,1000,1057.57704
2016.358562,1000,1059.286298
2083.698168,1000,1060.679103
1984.733616,1000,1062.38434
68.557397,47,1062.449895
1187.289289,588,1063.272586
2205.079738,1000,1064.667917
74.093787,45,1064.910534
829.532456,420,1065.507203
2207.850196,1000,1066.906694
2164.961749,1000,1068.533392
238.058605,111,1068.688885
133.604521,54,1068.763642
193.381513,89,1068.886815
2152.092493,1000,1070.279126
997.378611,480,1071.296917
1114.023863,564,1072.084417
2230.933437,1000,1073.485646
2169.256361,1000,1075.073066
44.558232,23,1075.106432
623.818734,278,1075.491284
2074.255779,1000,1076.882617
2263.973182,1000,1078.518631
2052.653904,1000,1079.926563
2044.47682,1000,1081.640962
214.720698,102,1081.784521
2132.057805,1000,1083.178089
2206.089597,1000,1084.811231
2273.475497,1000,1086.222783
515.154382,314,1086.825305
2042.961463,1000,1088.22571
506.025521,238,1088.555112
2007.32987,1000,1090.109248
2192.362634,1000,1091.502214
2107.201281,1000,1093.084605
2020.86354,1000,1094.479983
107.574278,48,1094.546963
2059.600762,1000,1096.107346
307.317793,143,1096.307348
2008.115079,1000,1097.705238
2122.751774,1000,1099.312885
1963.204249,1000,1100.710702
469.956296,233,1101.034469
608.318519,287,1101.438799
675.844438,317,1102.094395
2196.763304,1000,1103.487288
257.9088,149,1103.692439
2091.187377,1000,1105.229967
2224.042195,1000,1106.644288
2166.067699,1000,1108.304169
225.87796,106,1108.45401
2010.623897,1000,1109.863729
2167.843024,1000,1111.469886
118.35923,56,1111.54846
2042.212467,1000,1112.943644
2003.257358,1000,1114.602913
38.897004,23,1114.635157
2154.840401,1000,1116.047788
2204.167834,1000,1117.613854
112.935869,55,1117.690156
39.126844,18,1117.715594
72.596158,30,1117.758725
2197.835452,1000,1119.141147
889.078141,416,1119.719284
2055.944095,1000,1121.259962
1992.882907,1000,1122.655277
2273.699671,1000,1124.365186
132.031573,63,1124.452648
357.971388,171,1124.687618
406.453298,187,1124.948238
2092.416059,1000,1126.66718
2187.284368,1000,1128.080486
547.096596,232,1128.405182
142.731691,66,1128.498029
2077.678094,1000,1130.032236
203.502097,86,1130.151712
2055.320917,1000,1131.549973
649.437921,339,1132.026267
102.381838,51,1132.099397
375.855728,184,1132.355164
2211.032583,1000,1133.924899
191.466284,87,1134.04429
2224.299915,1000,1135.428568
2040.320366,1000,1136.943755
2022.949778,1000,1138.342674
2281.345379,1000,1140.062065
743.588749,362,1140.566887
187.490767,89,1140.689452
2008.422193,1000,1142.309671
586.432004,256,1142.670591
2159.389991,1000,1144.083485
502.144774,246,1144.489378
2078.238777,1000,1146.156235
2100.098758,1000,1147.562409
239.504835,128,1147.745412
41.155033,18,1147.770626
2026.195741,1000,1149.449896
1958.616433,878,1150.687645
2273.465025,1000,1152.405591
158.749158,89,1152.528896
2051.051778,1000,1153.932622
2105.362997,1000,1155.483929
2253.143661,1000,1156.889823
1967.446123,1000,1158.566931
213.306359,96,1158.701112
2159.274603,1000,1160.096584
2270.777404,1000,1161.64563
2028.654657,1000,1163.041993
2090.143516,1000,1164.637453
1952.662717,1000,1166.037849
2269.741935,1000,1167.759573
277.966369,146,1167.968811
2038.901022,1000,1169.367531
2169.861559,1000,1170.974721
2151.901274,1000,1172.381045
2244.133794,1000,1174.02827
353.602498,167,1174.263042
2305.36607,1000,1175.669597
632.301097,321,1176.325155
2161.158157,1000,1177.720567
2022.983456,1000,1179.268384
2119.471323,1000,1180.675863
2191.802823,1000,1182.328185
2251.714258,1000,1183.719977
2278.041499,1000,1185.114213
1970.867216,919,1186.572993
2069.37994,1000,1187.969328
23.52993,16,1187.99173
2107.001421,1000,1189.620479
2149.918618,1000,1191.013899
1658.337,764,1192.257259
1683.128789,844,1193.43793
1331.694455,630,1194.532428
2067.007261,1000,1195.93574
2067.826957,1000,1197.33832
2240.020054,1000,1198.993227
2214.617535,1000,1200.395812
2095.796088,1000,1202.008086
2080.417797,1000,1203.38501
375.535073,211,1203.965282
201.587448,100,1204.119667
411.283544,181,1204.379751
2104.934476,1000,1205.893312
63.279862,35,1205.943299
35.286116,18,1205.96874
2090.133399,1000,1207.596884
1338.825761,682,1208.553474
2301.98673,1000,1209.948974
250.701717,110,1210.336184
380.729016,175,1210.583199
2053.497383,1000,1211.981148
2180.690279,1000,1213.554942
2143.874557,1000,1215.024765
2336.81427,1000,1216.598935
2323.220407,1000,1218.000607
2017.544137,1000,1219.550508
2056.424091,1000,1220.947448
2206.983621,1000,1222.567007
2209.531063,1000,1223.974817
2116.369006,1000,1225.791405
2210.04934,1000,1227.200761
2219.047478,1000,1228.60253
2077.074479,1000,1230.282792
2189.698925,1000,1231.677588
593.393997,281,1232.197383
557.594481,265,1232.568444
1206.265187,616,1233.427133
2206.533609,1000,1234.959242
2346.001743,1000,1236.362651
221.585243,117,1236.52412
514.763278,243,1236.86245
2253.808427,1000,1238.404603
476.254811,227,1238.72129
2211.064761,1000,1240.110566
2073.062539,1000,1241.701255
2103.08647,1000,1243.094582
1039.542415,506,1244.015152
1553.846566,756,1245.078268
2139.879924,1000,1246.467435
2091.422147,1000,1248.114256
2183.543587,1000,1249.510118
2236.252073,1000,1251.171403
215.731699,104,1251.315198
2133.580048,1000,1252.709988
802.353869,377,1253.444377
2214.095841,1000,1254.848772
708.434529,351,1255.328887
962.744776,462,1255.973329
2243.737966,1000,1257.541764
2028.121949,1000,1258.9383
531.224563,243,1259.4317
2213.55571,1000,1260.829679
2261.014487,1000,1262.504874
2041.903215,1000,1263.926692
2258.130451,1000,1265.347491
2106.533594,1000,1266.976606
557.661618,289,1267.384522
2033.042089,1000,1269.004183
2218.607156,1000,1270.409385
367.659236,165,1270.637843
2088.598316,1000,1272.338383
2322.74082,1000,1273.742167
1550.091328,679,1274.691667
2264.852069,1000,1276.373132
2379.599851,1000,1277.777585
2354.785036,1000,1279.317629
903.210857,415,1279.900691
2244.372193,1000,1281.517543
330.208808,156,1281.73756
398.132856,199,1282.013083
221.427414,121,1282.181189
2212.963715,1000,1283.574463
2224.498256,1000,1285.162549
2253.427845,1000,1286.551653
2233.560711,1000,1288.161435
2301.315121,1000,1289.565023
2244.307696,1000,1291.216422
219.305883,101,1291.355681
2133.110428,1000,1292.740217
2147.651562,1000,1294.432345
2176.080608,1000,1295.830892
32.079595,19,1295.857221
2274.077122,1000,1297.474728
2173.986153,1000,1298.881894
2126.95653,1000,1300.49346
2178.058108,937,1301.80329
2142.620668,1000,1303.438643
1608.321148,699,1304.414417
2157.677591,1000,1306.03671
2093.818359,1000,1307.432222
2096.443552,1000,1309.086234
624.712784,295,1309.502889
239.545057,102,1309.642675
2123.987347,1000,1311.034388
2282.424025,1000,1312.649256
2074.413579,1000,1314.04705
2253.176944,1000,1315.61401
2238.139682,1000,1316.996866
888.861341,395,1317.540252
2273.445382,1000,1319.088454
74.75317,33,1319.13538
2242.933132,1000,1320.534225
2195.51534,1000,1322.109136
2211.955321,1000,1323.507333
2300.576487,1000,1325.245346
2173.004536,1000,1326.647093
2267.813626,1000,1328.323146
2272.845862,1000,1329.702934
2158.941593,1000,1331.336227
2285.625218,1000,1332.737936
2212.072486,1000,1334.40183
2237.743061,1000,1335.802181
683.83845,308,1336.229565
2106.417305,1000,1337.808073
2391.910185,1000,1339.199522
1340.581315,616,1340.366904
2270.561357,1000,1341.764174
2362.518543,1000,1343.36749
2275.764665,1000,1344.766857
2193.054292,1000,1346.396683
502.104709,261,1346.759213
2176.970496,1000,1348.163508
382.272111,181,1348.415967
2347.448744,1000,1350.006476
742.283719,324,1350.45855
146.384342,68,1350.551846
2384.763095,1000,1351.946157
2335.715026,1000,1353.507961
2216.702829,1000,1354.912035
96.903767,44,1354.974096
2330.368335,1000,1356.542318
2371.796588,1000,1357.935479
2155.563689,1000,1359.592577
2344.187699,1000,1360.979821
2231.423105,1000,1362.628193
2357.342593,1000,1364.029988
2293.895581,1000,1365.656629
2350.892456,1000,1367.054626
2179.633138,1000,1368.747952
2180.045502,1000,1370.150763
2170.264404,1000,1371.947579
949.536786,406,1372.513239
2106.085481,1000,1374.23689
1636.922697,735,1375.274727
2204.469905,1000,1376.665051
2229.460813,1000,1378.264446
2340.53572,1000,1379.646224
2234.5306,1000,1381.267292
2192.156988,1000,1382.670927
2417.973478,1000,1384.365359
2381.485699,1000,1385.750522
2358.330714,1000,1387.384071
2252.571705,1000,1388.778419
311.487168,142,1388.975553
330.002684,141,1389.171738
2338.367278,1000,1390.67343
2186.702847,1000,1392.061762
2243.433213,1000,1393.762073
2281.261276,1000,1395.152269
218.051257,93,1395.280498
555.362275,228,1395.851202
2435.00748,1000,1397.254655
2301.761813,976,1398.850714
2428.127696,1000,1400.263968
179.313825,78,1400.372977
2190.559818,1000,1402.003262
2156.636866,1000,1403.401426
2262.102418,1000,1404.957484
2189.682992,1000,1406.367896
295.112717,133,1406.553
848.317956,371,1407.081493
2428.24878,1000,1408.699354
2331.079589,1000,1410.114815
2164.529288,1000,1411.626393
2335.819566,1000,1413.017345
2110.834579,1000,1414.706731
2380.933466,1000,1416.107139
2243.666906,1000,1417.764193
2240.92452,1000,1419.155006
2403.117638,1000,1420.781404
2461.471352,1000,1422.170005
2452.022745,1000,1423.763122
1613.043025,676,1424.701521
2356.727991,1000,1426.095918
2345.806294,1000,1427.755474
184.359672,83,1427.875901
1312.154195,540,1428.627385
2289.881742,1000,1430.239366
901.851112,399,1430.792786
2297.182018,1000,1432.17509
584.62735,244,1432.874038
2361.260141,1000,1434.266871
1672.36942,733,1435.285755
2292.348571,1000,1436.957915
2342.409614,1000,1438.348605
483.06097,196,1438.62413
363.197,165,1439.19597
846.78992,367,1439.708294
1967.56982,879,1440.93268
37.521297,19,1440.959366
2404.24196,1000,1442.531365
2348.075696,1000,1443.930829
2125.26978,1000,1445.681571
2434.600331,1000,1447.083256
2362.816964,1000,1448.72563
2262.567533,1000,1450.110882
2449.704983,1000,1451.819974
2424.170674,1000,1453.219985
2228.222086,1000,1454.740218
2425.571821,1000,1456.138641
2315.1288,1000,1457.539812
2298.982736,1000,1459.262844
438.415733,168,1459.499556
2336.884716,1000,1461.255455
611.818602,260,1461.613681
2378.833103,1000,1463.00271
161.687093,71,1463.101132
1455.6124,566,1463.884548
2268.987385,1000,1465.458712
2415.293998,1000,1466.845037
515.066065,181,1467.26896
2212.001318,1000,1468.657766
2380.786748,1000,1470.262322
91.152261,43,1470.322157
583.957669,216,1470.620593
2277.947937,1000,1472.015095
2427.357032,1000,1473.759063
2327.471465,1000,1475.16072
2410.001094,1000,1476.913903
1070.43252,439,1477.530538
2304.370117,1000,1478.918461
2269.564342,959,1480.55138
186.348126,74,1480.652869
2513.140362,1000,1482.041542
2359.77285,1000,1483.608324
237.729737,86,1483.730798
2293.441407,1000,1485.136527
2403.558698,1000,1486.678084
2385.107951,1000,1488.084876
2246.802151,1000,1489.705768
117.011274,48,1489.773915
2344.47934,1000,1491.164042
2329.061938,1000,1492.801954
2337.728186,1000,1494.205633
2523.597372,1000,1495.812574
2560.009912,1000,1497.203829
2537.753854,1000,1498.909607
232.870984,103,1499.055088
2411.640815,1000,1500.446486
2354.977716,1000,1501.938432
2274.865677,1000,1503.328988
2416.592911,1000,1505.061658
2389.239283,1000,1506.515527
2444.029631,1000,1508.372179
2336.781904,1000,1509.826419
478.147811,202,1510.13608
897.60001,339,1510.616883
2211.668462,1000,1512.198956
2259.733421,1000,1513.602881
710.781754,273,1514.182511
2238.173524,1000,1515.585688
2443.399443,1000,1517.213225
2365.595096,1000,1518.605522
1540.793968,624,1519.485835
762.086911,330,1520.268089
2395.624517,1000,1521.675284
2334.026829,1000,1523.059072
2260.960036,1000,1524.768719
2243.196046,1000,1526.177551
2352.151796,1000,1528.048549
2425.651264,1000,1529.428133
2378.228815,1000,1531.041651
2363.368678,1000,1532.436537
2357.207935,1000,1534.157679
81.810605,38,1534.210741
2361.049892,1000,1535.618958
351.436646,138,1535.818865
2505.523725,1000,1537.560098
2273.260592,1000,1538.970356
2261.838712,1000,1540.761809
2234.5421,1000,1542.15966
2520.715122,1000,1543.732574
2271.304659,1000,1545.1193
1333.519405,540,1546.23467
288.13226,134,1546.421711
1267.981862,498,1547.113754
1048.745748,409,1547.686269
2312.221264,1000,1549.298187
2341.443191,1000,1550.689105
2450.008195,1000,1552.315844
2481.795492,1000,1553.706078
2246.828461,1000,1555.424491
246.731107,94,1555.554503
318.233065,129,1555.736998
2419.321239,1000,1557.148149
1280.106682,585,1558.121814
2323.109873,1000,1559.518978
2393.016657,1000,1560.935099
2455.465544,1000,1562.684545
2438.863181,1000,1564.087063
705.19341,261,1564.66393
315.070025,122,1564.834594
373.01418,141,1565.030321
2459.711331,1000,1566.422358
239.054342,90,1566.545978
558.140003,233,1566.866489
2331.381958,1000,1568.47682
2531.280531,1000,1569.868895
2442.852735,1000,1571.610413
2505.712384,1000,1572.993664
753.443035,299,1573.407164
858.288922,331,1574.160469
582.579869,220,1574.460569
2458.1614,1000,1575.846621
2455.457296,1000,1577.50127
2261.376299,1000,1578.899435
1329.403444,539,1579.642592
2263.604468,1000,1581.383282
562.192827,205,1581.670382
1838.389194,726,1582.684272
2544.672709,1000,1584.456693
285.075564,130,1584.636896
979.737146,417,1585.216013
2107.449571,880,1586.774703
59.89255,27,1586.812855
2301.864165,1000,1588.210233
474.275493,203,1588.491703
861.153177,320,1588.935164
1576.111786,631,1590.00997
2451.684536,1000,1591.406403
2379.951571,1000,1593.133068
2631.037246,1000,1594.534679
803.5777,312,1594.968823
2481.384018,1000,1596.715656
2488.24331,1000,1598.11315
2308.692925,1000,1599.692626
2342.981606,1000,1601.067364
2316.133122,1000,1602.649643
687.501717,276,1603.036769
2286.82639,1000,1604.439098
2485.061396,1000,1606.000407
2435.276357,1000,1607.40235
2377.165811,1000,1609.065531
2322.091714,1000,1610.476845
2383.489234,1000,1612.160173
2551.232029,1000,1613.549009
2456.306804,1000,1615.105137
1865.419909,759,1616.154763
1229.470075,520,1616.88028
222.542144,95,1617.012417
2417.772958,1000,1618.6204
2434.234708,1000,1620.014254
131.269952,57,1620.092702
2450.69157,1000,1621.712382
2394.535153,1000,1623.128923
2424.593467,1000,1624.82322
2386.838914,1000,1626.21414
477.154201,188,1626.479851
2335.169981,1000,1628.152827
2558.054719,1000,1629.539034
2397.762866,1000,1631.270139
2226.870693,916,1632.542915
2520.436804,1000,1634.176645
2510.410034,1000,1635.593814
451.01838,178,1635.845553
2511.34112,1000,1637.577347
2508.58277,1000,1638.968855
2315.253235,1000,1640.694456
2564.036256,1000,1642.090138
2566.412063,1000,1643.873523
2342.333857,1000,1645.265988
827.914455,343,1645.902165
2212.293212,865,1647.101475
1157.052641,460,1647.739836
184.227247,74,1647.843041
2498.462132,1000,1649.459728
2377.408665,1000,1650.861114
2459.64851,1000,1652.562887
2430.748335,1000,1653.966914
2548.183651,1000,1655.687071
399.464572,165,1655.916828
2561.608477,1000,1657.307476
2543.397062,1000,1658.939129
1742.079165,651,1659.842851
643.75892,257,1660.195881
216.129448,89,1660.319508
122.847408,47,1660.38677
2381.756226,1000,1662.02608
2382.618369,1000,1663.421621
2439.607436,1000,1665.111168
2482.526236,1000,1666.506191
2559.587343,1000,1668.175386
2525.875526,1000,1669.569902
2512.964298,1000,1671.139524
1868.597245,776,1672.215728
2335.101501,1000,1674.003602
2523.601304,1000,1675.406978
537.496861,228,1675.721876
2470.571219,1000,1677.428494
2322.923684,1000,1678.818639
2335.409145,1000,1680.692787
2493.188289,1000,1682.082711
2591.75066,1000,1683.75471
2468.311773,1000,1685.193001
2602.692758,1000,1686.972381
2478.319725,1000,1688.361608
473.787703,176,1688.606413
2446.231451,1000,1690.320003
298.596044,123,1690.490722
189.759092,78,1690.598478
2461.426375,1000,1691.984217
2369.153397,1000,1693.648484
2649.056794,1000,1695.030413
2361.569848,1000,1696.836468
2471.222043,972,1698.17911
2535.388279,1000,1699.830968
161.36257,66,1699.923159
2381.836008,1000,1701.312175
2512.53096,1000,1703.1103
2467.527591,1000,1704.499724
437.929726,175,1704.738507
2471.503339,1000,1706.433521
2367.93228,1000,1707.820155
2357.558004,1000,1709.586854
439.979059,180,1709.835626
1371.628332,535,1710.574629
2533.138123,1000,1711.955457
2567.111939,1000,1713.789081
2526.315515,1000,1715.189024
2487.24885,1000,1716.912902
2473.752734,1000,1718.299484
2354.64556,1000,1720.103583
1691.072565,700,1721.075075
2418.298916,1000,1723.099773
95.90428,40,1723.156272
2527.05427,1000,1724.548743
2418.182711,1000,1726.469619
2520.113667,1000,1727.869116
2575.87911,1000,1729.682921
351.070782,135,1729.86813
2494.082951,1000,1731.257695
686.214348,289,1731.659075
2488.816513,1000,1733.608249
2485.714964,1000,1734.989829
2341.011428,1000,1736.710761
2613.399182,1000,1738.094908
2396.843294,1000,1739.96524
1000.788851,376,1740.485126
2430.119552,1000,1742.195914
2526.638714,1000,1743.5745
2596.560363,1000,1745.329288
2409.946061,1000,1746.717413
2559.901859,1000,1748.465924
1880.799578,768,1749.531034
2645.28491,1000,1750.917986
2639.929101,1000,1752.55793
2442.875175,1000,1753.948833
1212.022534,467,1755.233206
2606.867164,1000,1756.625904
2649.009239,1000,1758.390418
2436.929913,1000,1759.778193
494.139162,185,1760.040349
2557.140162,1000,1761.748938
429.528071,169,1761.987237
2483.787457,1000,1763.377176
2545.599137,1000,1764.986479
2450.455679,1000,1766.376644
2571.899177,1000,1768.117505
2530.402775,1000,1769.506734
2561.452741,1000,1771.080156
2407.817089,1000,1772.46029
2432.160074,1000,1774.209104
2455.310997,1000,1775.606064
2676.298779,1000,1777.32618
2700.638044,1000,1778.711195
2471.569771,1000,1781.008114
1260.929151,471,1781.662413
2506.808151,1000,1783.050017
2504.526019,1000,1784.900015
1111.249749,512,1785.611327
2559.61088,1000,1787.014645
2451.705011,1000,1788.735568
306.962008,124,1788.905685
2562.03122,1000,1790.658484
2607.845607,1000,1792.046732
331.170273,119,1792.21328
2583.940637,1000,1793.955181
1366.818566,593,1794.787089
2443.809922,1000,1796.185749
2573.782863,1000,1797.957026
2747.22623,1000,1799.362446
2646.06986,1000,1801.174962
1330.633453,521,1801.892726
2486.153563,1000,1803.681173
84.952944,36,1803.730409
908.738828,344,1804.227859
2501.854521,1000,1805.650676
2129.215422,815,1807.051158
2703.368229,1000,1808.481587
2509.183837,1000,1810.28128
2531.064243,1000,1811.686996
2583.763023,1000,1813.586015
2421.78741,1000,1814.982963
1009.915742,384,1815.528207
2583.677217,1000,1817.232998
2582.408778,1000,1818.624423
1120.753403,413,1819.193576
2451.69979,1000,1820.934785
1633.337564,600,1821.768528
2757.007534,1000,1823.528887
142.378397,64,1823.617635
2677.05035,1000,1825.007639
2475.221982,1000,1826.817499
1023.984314,375,1827.334769
2430.288898,1000,1828.719974
2574.329219,1000,1830.429761
371.436747,131,1830.61165
2460.924443,1000,1832.015754
159.709147,57,1832.101028
2588.306203,1000,1833.813988
2517.965552,1000,1835.206497
2654.199802,1000,1836.934619
2630.427549,1000,1838.305732
2566.496014,1000,1840.052866
1224.332383,451,1840.681665
2744.184779,1000,1842.426518
2791.667347,1000,1843.83168
2690.276238,1000,1845.775994
2512.518487,1000,1847.174103
2791.099367,1000,1849.490556
2567.668549,1000,1850.879724
2567.123805,1000,1852.592043
1633.585714,595,1853.434579
2467.909976,1000,1854.840474
1466.873014,530,1856.354687
2452.449546,1000,1857.755263
2742.482858,1000,1859.757841
327.666193,136,1859.946369
1036.195054,395,1860.497068
2462.667388,1000,1861.908325
287.856494,101,1862.048721
2514.678268,1000,1863.659683
2657.024205,1000,1865.062507
2627.3975,1000,1866.973772
2426.102919,1000,1868.358521
2486.341202,1000,1870.31281
1245.899936,477,1870.983828
2723.398892,1000,1872.879005
2745.437529,1000,1874.289751
2763.771147,1000,1875.676762
2774.211544,1000,1877.691393
2568.175348,1000,1879.078892
2606.402931,956,1880.76199
2661.905824,1000,1882.142615
742.792977,258,1883.247053
2002.431833,763,1884.316677
502.981881,188,1884.572796
2457.076584,1000,1885.948856
2541.87078,1000,1887.559369
2715.79928,1000,1888.942779
2492.708704,1000,1890.702175
2546.758981,1000,1892.082288
2735.622432,1000,1893.941553
2567.9331,1000,1895.332458
2647.903088,1000,1897.113252
314.492032,105,1897.259091
2716.976324,1000,1898.640675
2697.307178,1000,1900.341557
2469.213452,1000,1901.730344
140.409851,53,1901.804341
2753.822043,1000,1903.459582
2593.803958,1000,1904.850588
2614.861561,1000,1907.043769
2522.209635,1000,1908.445455
2400.67264,850,1910.03248
2777.482878,1000,1911.419939
2510.635667,1000,1913.161852
2741.261688,1000,1914.58385
